timestamp,protocol,src_ip,src_port,dst_ip,dst_port,length,flags,ttl,detail
2026-04-24T16:55:37.791,TCP,192.168.57.1,55583,192.168.57.129,22,60,A,128,
2026-04-24T16:55:37.792,TCP,192.168.57.129,22,192.168.57.1,55583,182,PA,64,
2026-04-24T16:55:37.793,TCP,192.168.57.129,22,192.168.57.1,55583,134,PA,64,
2026-04-24T16:55:37.794,TCP,192.168.57.1,55583,192.168.57.129,22,60,A,128,
2026-04-24T16:55:37.794,TCP,192.168.57.129,22,192.168.57.1,55583,118,PA,64,
2026-04-24T16:55:37.794,TCP,192.168.57.129,22,192.168.57.1,55583,118,PA,64,
2026-04-24T16:55:37.795,TCP,192.168.57.1,55583,192.168.57.129,22,60,A,128,
2026-04-24T16:55:37.795,TCP,192.168.57.129,22,192.168.57.1,55583,118,PA,64,
2026-04-24T16:55:37.796,TCP,192.168.57.129,22,192.168.57.1,55583,102,PA,64,
2026-04-24T16:55:37.796,TCP,192.168.57.1,55583,192.168.57.129,22,60,A,128,
2026-04-24T16:55:37.796,TCP,192.168.57.129,22,192.168.57.1,55583,118,PA,64,
2026-04-24T16:55:37.797,TCP,192.168.57.129,22,192.168.57.1,55583,118,PA,64,
2026-04-24T16:55:37.797,TCP,192.168.57.1,55583,192.168.57.129,22,60,A,128,
2026-04-24T16:55:37.797,TCP,192.168.57.129,22,192.168.57.1,55583,118,PA,64,
2026-04-24T16:55:37.798,TCP,192.168.57.129,22,192.168.57.1,55583,118,PA,64,
2026-04-24T16:55:37.798,TCP,192.168.57.1,55583,192.168.57.129,22,60,A,128,
2026-04-24T16:55:37.798,TCP,192.168.57.129,22,192.168.57.1,55583,118,PA,64,
2026-04-24T16:55:37.799,TCP,192.168.57.129,22,192.168.57.1,55583,118,PA,64,
2026-04-24T16:55:37.799,TCP,192.168.57.1,55583,192.168.57.129,22,60,A,128,
2026-04-24T16:55:37.799,TCP,192.168.57.129,22,192.168.57.1,55583,118,PA,64,
2026-04-24T16:55:37.800,TCP,192.168.57.129,22,192.168.57.1,55583,102,PA,64,
2026-04-24T16:55:37.800,TCP,192.168.57.1,55583,192.168.57.129,22,60,A,128,
2026-04-24T16:55:37.800,TCP,192.168.57.129,22,192.168.57.1,55583,118,PA,64,
2026-04-24T16:55:37.801,TCP,192.168.57.129,22,192.168.57.1,55583,118,PA,64,
2026-04-24T16:55:37.801,TCP,192.168.57.1,55583,192.168.57.129,22,60,A,128,
2026-04-24T16:55:37.802,TCP,192.168.57.129,22,192.168.57.1,55583,102,PA,64,
2026-04-24T16:55:37.802,TCP,192.168.57.129,22,192.168.57.1,55583,118,PA,64,
2026-04-24T16:55:37.802,TCP,192.168.57.1,55583,192.168.57.129,22,60,A,128,
2026-04-24T16:55:37.803,TCP,192.168.57.129,22,192.168.57.1,55583,118,PA,64,
2026-04-24T16:55:37.803,TCP,192.168.57.129,22,192.168.57.1,55583,102,PA,64,
2026-04-24T16:55:37.803,TCP,192.168.57.1,55583,192.168.57.129,22,60,A,128,
2026-04-24T16:55:37.804,TCP,192.168.57.129,22,192.168.57.1,55583,118,PA,64,
2026-04-24T16:55:37.804,TCP,192.168.57.129,22,192.168.57.1,55583,118,PA,64,
2026-04-24T16:55:37.805,TCP,192.168.57.1,55583,192.168.57.129,22,60,A,128,
2026-04-24T16:55:37.805,TCP,192.168.57.129,22,192.168.57.1,55583,118,PA,64,
2026-04-24T16:55:37.805,TCP,192.168.57.129,22,192.168.57.1,55583,118,PA,64,
2026-04-24T16:55:37.806,TCP,192.168.57.1,55583,192.168.57.129,22,60,A,128,
2026-04-24T16:55:37.806,TCP,192.168.57.129,22,192.168.57.1,55583,118,PA,64,
2026-04-24T16:55:37.807,TCP,192.168.57.129,22,192.168.57.1,55583,118,PA,64,
2026-04-24T16:55:37.807,TCP,192.168.57.1,55583,192.168.57.129,22,60,A,128,
2026-04-24T16:55:37.807,TCP,192.168.57.129,22,192.168.57.1,55583,118,PA,64,
2026-04-24T16:55:37.808,TCP,192.168.57.129,22,192.168.57.1,55583,118,PA,64,
2026-04-24T16:55:37.808,TCP,192.168.57.1,55583,192.168.57.129,22,60,A,128,
2026-04-24T16:55:37.809,TCP,192.168.57.129,22,192.168.57.1,55583,118,PA,64,
2026-04-24T16:55:37.809,TCP,192.168.57.129,22,192.168.57.1,55583,118,PA,64,
2026-04-24T16:55:37.809,TCP,192.168.57.1,55583,192.168.57.129,22,60,A,128,
2026-04-24T16:55:37.809,TCP,192.168.57.129,22,192.168.57.1,55583,118,PA,64,
2026-04-24T16:55:37.810,TCP,192.168.57.129,22,192.168.57.1,55583,118,PA,64,
2026-04-24T16:55:37.810,TCP,192.168.57.1,55583,192.168.57.129,22,60,A,128,
2026-04-24T16:55:37.811,TCP,192.168.57.129,22,192.168.57.1,55583,102,PA,64,
2026-04-24T16:55:37.811,TCP,192.168.57.129,22,192.168.57.1,55583,118,PA,64,
2026-04-24T16:55:37.811,TCP,192.168.57.1,55583,192.168.57.129,22,60,A,128,
2026-04-24T16:55:37.812,TCP,192.168.57.129,22,192.168.57.1,55583,118,PA,64,
2026-04-24T16:55:37.812,TCP,192.168.57.129,22,192.168.57.1,55583,102,PA,64,
2026-04-24T16:55:37.813,TCP,192.168.57.1,55583,192.168.57.129,22,60,A,128,
2026-04-24T16:55:37.813,TCP,192.168.57.129,22,192.168.57.1,55583,118,PA,64,
2026-04-24T16:55:37.814,TCP,192.168.57.129,22,192.168.57.1,55583,118,PA,64,
2026-04-24T16:55:37.815,TCP,192.168.57.1,55583,192.168.57.129,22,60,A,128,
2026-04-24T16:55:37.815,TCP,192.168.57.129,22,192.168.57.1,55583,118,PA,64,
2026-04-24T16:55:37.815,TCP,192.168.57.129,22,192.168.57.1,55583,118,PA,64,
2026-04-24T16:55:37.816,TCP,192.168.57.1,55583,192.168.57.129,22,60,A,128,
2026-04-24T16:55:37.816,TCP,192.168.57.129,22,192.168.57.1,55583,102,PA,64,
2026-04-24T16:55:37.816,TCP,192.168.57.129,22,192.168.57.1,55583,118,PA,64,
2026-04-24T16:55:37.817,TCP,192.168.57.1,55583,192.168.57.129,22,60,A,128,
2026-04-24T16:55:37.817,TCP,192.168.57.129,22,192.168.57.1,55583,118,PA,64,
2026-04-24T16:55:37.817,TCP,192.168.57.129,22,192.168.57.1,55583,118,PA,64,
2026-04-24T16:55:37.818,TCP,192.168.57.1,55583,192.168.57.129,22,60,A,128,
2026-04-24T16:55:37.818,TCP,192.168.57.129,22,192.168.57.1,55583,102,PA,64,
2026-04-24T16:55:37.818,TCP,192.168.57.129,22,192.168.57.1,55583,118,PA,64,
2026-04-24T16:55:37.819,TCP,192.168.57.1,55583,192.168.57.129,22,60,A,128,
2026-04-24T16:55:37.819,TCP,192.168.57.129,22,192.168.57.1,55583,102,PA,64,
2026-04-24T16:55:37.819,TCP,192.168.57.129,22,192.168.57.1,55583,118,PA,64,
2026-04-24T16:55:37.820,TCP,192.168.57.1,55583,192.168.57.129,22,60,A,128,
2026-04-24T16:55:37.821,TCP,192.168.57.129,22,192.168.57.1,55583,118,PA,64,
2026-04-24T16:55:37.821,TCP,192.168.57.129,22,192.168.57.1,55583,118,PA,64,
2026-04-24T16:55:37.821,TCP,192.168.57.1,55583,192.168.57.129,22,60,A,128,
2026-04-24T16:55:37.822,TCP,192.168.57.129,22,192.168.57.1,55583,102,PA,64,
2026-04-24T16:55:37.822,TCP,192.168.57.129,22,192.168.57.1,55583,118,PA,64,
2026-04-24T16:55:37.822,TCP,192.168.57.1,55583,192.168.57.129,22,60,A,128,
2026-04-24T16:55:37.823,TCP,192.168.57.129,22,192.168.57.1,55583,118,PA,64,
2026-04-24T16:55:37.823,TCP,192.168.57.129,22,192.168.57.1,55583,118,PA,64,
2026-04-24T16:55:37.824,TCP,192.168.57.1,55583,192.168.57.129,22,60,A,128,
2026-04-24T16:55:37.824,TCP,192.168.57.1,55583,192.168.57.129,22,150,PA,128,
2026-04-24T16:55:37.824,TCP,192.168.57.129,22,192.168.57.1,55583,166,PA,64,
2026-04-24T16:55:37.825,TCP,192.168.57.129,22,192.168.57.1,55583,118,PA,64,
2026-04-24T16:55:37.825,TCP,192.168.57.1,55583,192.168.57.129,22,60,A,128,
2026-04-24T16:55:37.825,TCP,192.168.57.129,22,192.168.57.1,55583,118,PA,64,
2026-04-24T16:55:37.826,TCP,192.168.57.129,22,192.168.57.1,55583,118,PA,64,
2026-04-24T16:55:37.826,TCP,192.168.57.1,55583,192.168.57.129,22,60,A,128,
2026-04-24T16:55:37.826,TCP,192.168.57.129,22,192.168.57.1,55583,118,PA,64,
2026-04-24T16:55:37.827,TCP,192.168.57.129,22,192.168.57.1,55583,102,PA,64,
2026-04-24T16:55:37.827,TCP,192.168.57.1,55583,192.168.57.129,22,60,A,128,
2026-04-24T16:55:37.827,TCP,192.168.57.129,22,192.168.57.1,55583,118,PA,64,
2026-04-24T16:55:37.828,TCP,192.168.57.129,22,192.168.57.1,55583,118,PA,64,
2026-04-24T16:55:37.828,TCP,192.168.57.1,55583,192.168.57.129,22,60,A,128,
2026-04-24T16:55:37.828,TCP,192.168.57.129,22,192.168.57.1,55583,118,PA,64,
2026-04-24T16:55:37.828,TCP,192.168.57.129,22,192.168.57.1,55583,118,PA,64,
2026-04-24T16:55:37.829,TCP,192.168.57.1,55583,192.168.57.129,22,60,A,128,
2026-04-24T16:55:37.829,TCP,192.168.57.129,22,192.168.57.1,55583,118,PA,64,
2026-04-24T16:55:37.830,TCP,192.168.57.129,22,192.168.57.1,55583,102,PA,64,
2026-04-24T16:55:37.830,TCP,192.168.57.1,55583,192.168.57.129,22,60,A,128,
2026-04-24T16:55:37.830,TCP,192.168.57.129,22,192.168.57.1,55583,118,PA,64,
2026-04-24T16:55:37.831,TCP,192.168.57.129,22,192.168.57.1,55583,118,PA,64,
2026-04-24T16:55:37.831,TCP,192.168.57.1,55583,192.168.57.129,22,60,A,128,
2026-04-24T16:55:37.832,TCP,192.168.57.129,22,192.168.57.1,55583,118,PA,64,
2026-04-24T16:55:37.832,TCP,192.168.57.129,22,192.168.57.1,55583,118,PA,64,
2026-04-24T16:55:37.832,TCP,192.168.57.1,55583,192.168.57.129,22,60,A,128,
2026-04-24T16:55:37.833,TCP,192.168.57.129,22,192.168.57.1,55583,118,PA,64,
2026-04-24T16:55:37.833,TCP,192.168.57.129,22,192.168.57.1,55583,118,PA,64,
2026-04-24T16:55:37.833,TCP,192.168.57.1,55583,192.168.57.129,22,60,A,128,
2026-04-24T16:55:37.834,TCP,192.168.57.129,22,192.168.57.1,55583,118,PA,64,
2026-04-24T16:55:37.834,TCP,192.168.57.129,22,192.168.57.1,55583,118,PA,64,
2026-04-24T16:55:37.834,TCP,192.168.57.1,55583,192.168.57.129,22,60,A,128,
2026-04-24T16:55:37.835,TCP,192.168.57.129,22,192.168.57.1,55583,102,PA,64,
2026-04-24T16:55:37.835,TCP,192.168.57.129,22,192.168.57.1,55583,118,PA,64,
2026-04-24T16:55:37.835,TCP,192.168.57.1,55583,192.168.57.129,22,60,A,128,
2026-04-24T16:55:37.835,TCP,192.168.57.129,22,192.168.57.1,55583,118,PA,64,
2026-04-24T16:55:37.836,TCP,192.168.57.1,55583,192.168.57.129,22,150,PA,128,
2026-04-24T16:55:37.836,TCP,192.168.57.129,22,192.168.57.1,55583,150,PA,64,
2026-04-24T16:55:37.836,TCP,192.168.57.129,22,192.168.57.1,55583,118,PA,64,
2026-04-24T16:55:37.837,TCP,192.168.57.1,55583,192.168.57.129,22,60,A,128,
2026-04-24T16:55:37.837,TCP,192.168.57.129,22,192.168.57.1,55583,118,PA,64,
2026-04-24T16:55:37.837,TCP,192.168.57.129,22,192.168.57.1,55583,102,PA,64,
2026-04-24T16:55:37.838,TCP,192.168.57.1,55583,192.168.57.129,22,60,A,128,
2026-04-24T16:55:37.838,TCP,192.168.57.129,22,192.168.57.1,55583,118,PA,64,
2026-04-24T16:55:37.838,TCP,192.168.57.129,22,192.168.57.1,55583,118,PA,64,
2026-04-24T16:55:37.839,TCP,192.168.57.1,55583,192.168.57.129,22,60,A,128,
2026-04-24T16:55:37.839,TCP,192.168.57.129,22,192.168.57.1,55583,118,PA,64,
2026-04-24T16:55:37.839,TCP,192.168.57.129,22,192.168.57.1,55583,118,PA,64,
2026-04-24T16:55:37.839,TCP,192.168.57.1,55583,192.168.57.129,22,60,A,128,
2026-04-24T16:55:37.840,TCP,192.168.57.129,22,192.168.57.1,55583,118,PA,64,
2026-04-24T16:55:37.840,TCP,192.168.57.129,22,192.168.57.1,55583,102,PA,64,
2026-04-24T16:55:37.840,TCP,192.168.57.1,55583,192.168.57.129,22,60,A,128,
2026-04-24T16:55:37.841,TCP,192.168.57.129,22,192.168.57.1,55583,118,PA,64,
2026-04-24T16:55:37.841,TCP,192.168.57.129,22,192.168.57.1,55583,118,PA,64,
2026-04-24T16:55:37.841,TCP,192.168.57.1,55583,192.168.57.129,22,60,A,128,
2026-04-24T16:55:37.842,TCP,192.168.57.129,22,192.168.57.1,55583,102,PA,64,
2026-04-24T16:55:37.842,TCP,192.168.57.129,22,192.168.57.1,55583,118,PA,64,
2026-04-24T16:55:37.842,TCP,192.168.57.1,55583,192.168.57.129,22,60,A,128,
2026-04-24T16:55:37.843,TCP,192.168.57.129,22,192.168.57.1,55583,118,PA,64,
2026-04-24T16:55:37.843,TCP,192.168.57.129,22,192.168.57.1,55583,118,PA,64,
2026-04-24T16:55:37.844,TCP,192.168.57.1,55583,192.168.57.129,22,60,A,128,
2026-04-24T16:55:37.844,TCP,192.168.57.129,22,192.168.57.1,55583,118,PA,64,
2026-04-24T16:55:37.844,TCP,192.168.57.129,22,192.168.57.1,55583,118,PA,64,
2026-04-24T16:55:37.845,TCP,192.168.57.1,55583,192.168.57.129,22,60,A,128,
2026-04-24T16:55:37.845,TCP,192.168.57.129,22,192.168.57.1,55583,102,PA,64,
2026-04-24T16:55:37.845,TCP,192.168.57.129,22,192.168.57.1,55583,102,PA,64,
2026-04-24T16:55:37.846,TCP,192.168.57.1,55583,192.168.57.129,22,60,A,128,
2026-04-24T16:55:37.846,TCP,192.168.57.129,22,192.168.57.1,55583,118,PA,64,
2026-04-24T16:55:37.846,TCP,192.168.57.129,22,192.168.57.1,55583,118,PA,64,
2026-04-24T16:55:37.847,TCP,192.168.57.1,55583,192.168.57.129,22,60,A,128,
2026-04-24T16:55:37.847,TCP,192.168.57.129,22,192.168.57.1,55583,118,PA,64,
2026-04-24T16:55:37.848,TCP,192.168.57.129,22,192.168.57.1,55583,118,PA,64,
2026-04-24T16:55:37.848,TCP,192.168.57.1,55583,192.168.57.129,22,60,A,128,
2026-04-24T16:55:37.848,TCP,192.168.57.129,22,192.168.57.1,55583,118,PA,64,
2026-04-24T16:55:37.849,TCP,192.168.57.129,22,192.168.57.1,55583,118,PA,64,
2026-04-24T16:55:37.849,TCP,192.168.57.1,55583,192.168.57.129,22,60,A,128,
2026-04-24T16:55:37.850,TCP,192.168.57.129,22,192.168.57.1,55583,118,PA,64,
2026-04-24T16:55:37.850,TCP,192.168.57.129,22,192.168.57.1,55583,118,PA,64,
2026-04-24T16:55:37.850,TCP,192.168.57.1,55583,192.168.57.129,22,60,A,128,
2026-04-24T16:55:37.851,TCP,192.168.57.129,22,192.168.57.1,55583,102,PA,64,
2026-04-24T16:55:37.851,TCP,192.168.57.129,22,192.168.57.1,55583,118,PA,64,
2026-04-24T16:55:37.851,TCP,192.168.57.1,55583,192.168.57.129,22,60,A,128,
2026-04-24T16:55:37.852,TCP,192.168.57.129,22,192.168.57.1,55583,118,PA,64,
2026-04-24T16:55:37.852,TCP,192.168.57.129,22,192.168.57.1,55583,102,PA,64,
2026-04-24T16:55:37.853,TCP,192.168.57.1,55583,192.168.57.129,22,60,A,128,
2026-04-24T16:55:37.853,TCP,192.168.57.129,22,192.168.57.1,55583,118,PA,64,
2026-04-24T16:55:37.854,TCP,192.168.57.129,22,192.168.57.1,55583,118,PA,64,
2026-04-24T16:55:37.854,TCP,192.168.57.1,55583,192.168.57.129,22,60,A,128,
2026-04-24T16:55:37.854,TCP,192.168.57.129,22,192.168.57.1,55583,102,PA,64,
2026-04-24T16:55:37.855,TCP,192.168.57.129,22,192.168.57.1,55583,118,PA,64,
2026-04-24T16:55:37.855,TCP,192.168.57.1,55583,192.168.57.129,22,60,A,128,
2026-04-24T16:55:37.855,TCP,192.168.57.129,22,192.168.57.1,55583,118,PA,64,
2026-04-24T16:55:37.856,TCP,192.168.57.129,22,192.168.57.1,55583,118,PA,64,
2026-04-24T16:55:37.856,TCP,192.168.57.1,55583,192.168.57.129,22,60,A,128,
2026-04-24T16:55:37.856,TCP,192.168.57.129,22,192.168.57.1,55583,118,PA,64,
2026-04-24T16:55:37.857,TCP,192.168.57.129,22,192.168.57.1,55583,102,PA,64,
2026-04-24T16:55:37.857,TCP,192.168.57.1,55583,192.168.57.129,22,60,A,128,
2026-04-24T16:55:37.857,TCP,192.168.57.129,22,192.168.57.1,55583,118,PA,64,
2026-04-24T16:55:37.858,TCP,192.168.57.129,22,192.168.57.1,55583,118,PA,64,
2026-04-24T16:55:37.858,TCP,192.168.57.1,55583,192.168.57.129,22,60,A,128,
2026-04-24T16:55:37.859,TCP,192.168.57.129,22,192.168.57.1,55583,118,PA,64,
2026-04-24T16:55:37.859,TCP,192.168.57.129,22,192.168.57.1,55583,118,PA,64,
2026-04-24T16:55:37.860,TCP,192.168.57.1,55583,192.168.57.129,22,60,A,128,
2026-04-24T16:55:37.860,TCP,192.168.57.129,22,192.168.57.1,55583,118,PA,64,
2026-04-24T16:55:37.860,TCP,192.168.57.129,22,192.168.57.1,55583,118,PA,64,
2026-04-24T16:55:37.861,TCP,192.168.57.1,55583,192.168.57.129,22,60,A,128,
2026-04-24T16:55:37.861,TCP,192.168.57.129,22,192.168.57.1,55583,118,PA,64,
2026-04-24T16:55:37.861,TCP,192.168.57.129,22,192.168.57.1,55583,118,PA,64,
2026-04-24T16:55:37.862,TCP,192.168.57.1,55583,192.168.57.129,22,60,A,128,
2026-04-24T16:55:37.862,TCP,192.168.57.129,22,192.168.57.1,55583,102,PA,64,
2026-04-24T16:55:37.862,TCP,192.168.57.129,22,192.168.57.1,55583,118,PA,64,
2026-04-24T16:55:37.863,TCP,192.168.57.1,55583,192.168.57.129,22,60,A,128,
2026-04-24T16:55:37.863,TCP,192.168.57.129,22,192.168.57.1,55583,118,PA,64,
2026-04-24T16:55:37.864,TCP,192.168.57.129,22,192.168.57.1,55583,102,PA,64,
2026-04-24T16:55:37.864,TCP,192.168.57.1,55583,192.168.57.129,22,60,A,128,
2026-04-24T16:55:37.864,TCP,192.168.57.129,22,192.168.57.1,55583,102,PA,64,
2026-04-24T16:55:37.865,TCP,192.168.57.129,22,192.168.57.1,55583,118,PA,64,
2026-04-24T16:55:37.865,TCP,192.168.57.1,55583,192.168.57.129,22,60,A,128,
2026-04-24T16:55:37.866,TCP,192.168.57.129,22,192.168.57.1,55583,118,PA,64,
2026-04-24T16:55:37.866,TCP,192.168.57.129,22,192.168.57.1,55583,118,PA,64,
2026-04-24T16:55:37.866,TCP,192.168.57.1,55583,192.168.57.129,22,60,A,128,
2026-04-24T16:55:37.867,TCP,192.168.57.129,22,192.168.57.1,55583,118,PA,64,
2026-04-24T16:55:37.867,TCP,192.168.57.129,22,192.168.57.1,55583,102,PA,64,
2026-04-24T16:55:37.868,TCP,192.168.57.1,55583,192.168.57.129,22,60,A,128,
2026-04-24T16:55:37.868,TCP,192.168.57.129,22,192.168.57.1,55583,118,PA,64,
2026-04-24T16:55:37.868,TCP,192.168.57.129,22,192.168.57.1,55583,118,PA,64,
2026-04-24T16:55:37.869,TCP,192.168.57.1,55583,192.168.57.129,22,60,A,128,
2026-04-24T16:55:37.869,TCP,192.168.57.129,22,192.168.57.1,55583,118,PA,64,
2026-04-24T16:55:37.869,TCP,192.168.57.129,22,192.168.57.1,55583,118,PA,64,
2026-04-24T16:55:37.869,TCP,192.168.57.1,55583,192.168.57.129,22,60,A,128,
2026-04-24T16:55:37.870,TCP,192.168.57.129,22,192.168.57.1,55583,118,PA,64,
2026-04-24T16:55:37.870,TCP,192.168.57.129,22,192.168.57.1,55583,102,PA,64,
2026-04-24T16:55:37.871,TCP,192.168.57.1,55583,192.168.57.129,22,60,A,128,
2026-04-24T16:55:37.871,TCP,192.168.57.129,22,192.168.57.1,55583,118,PA,64,
2026-04-24T16:55:37.871,TCP,192.168.57.129,22,192.168.57.1,55583,118,PA,64,
2026-04-24T16:55:37.872,TCP,192.168.57.1,55583,192.168.57.129,22,60,A,128,
2026-04-24T16:55:37.872,TCP,192.168.57.129,22,192.168.57.1,55583,102,PA,64,
2026-04-24T16:55:37.872,TCP,192.168.57.129,22,192.168.57.1,55583,118,PA,64,
2026-04-24T16:55:37.873,TCP,192.168.57.1,55583,192.168.57.129,22,60,A,128,
2026-04-24T16:55:37.873,TCP,192.168.57.129,22,192.168.57.1,55583,118,PA,64,
2026-04-24T16:55:37.873,TCP,192.168.57.129,22,192.168.57.1,55583,102,PA,64,
2026-04-24T16:55:37.874,TCP,192.168.57.1,55583,192.168.57.129,22,60,A,128,
2026-04-24T16:55:37.874,TCP,192.168.57.129,22,192.168.57.1,55583,118,PA,64,
2026-04-24T16:55:37.874,TCP,192.168.57.129,22,192.168.57.1,55583,118,PA,64,
2026-04-24T16:55:37.875,TCP,192.168.57.1,55583,192.168.57.129,22,60,A,128,
2026-04-24T16:55:37.875,TCP,192.168.57.129,22,192.168.57.1,55583,102,PA,64,
2026-04-24T16:55:37.875,TCP,192.168.57.129,22,192.168.57.1,55583,118,PA,64,
2026-04-24T16:55:37.876,TCP,192.168.57.1,55583,192.168.57.129,22,60,A,128,
2026-04-24T16:55:37.876,TCP,192.168.57.129,22,192.168.57.1,55583,118,PA,64,
2026-04-24T16:55:37.876,TCP,192.168.57.129,22,192.168.57.1,55583,118,PA,64,
2026-04-24T16:55:37.877,TCP,192.168.57.1,55583,192.168.57.129,22,60,A,128,
2026-04-24T16:55:37.877,TCP,192.168.57.129,22,192.168.57.1,55583,118,PA,64,
2026-04-24T16:55:37.877,TCP,192.168.57.129,22,192.168.57.1,55583,102,PA,64,
2026-04-24T16:55:37.878,TCP,192.168.57.1,55583,192.168.57.129,22,60,A,128,
2026-04-24T16:55:37.878,TCP,192.168.57.129,22,192.168.57.1,55583,118,PA,64,
2026-04-24T16:55:37.878,TCP,192.168.57.129,22,192.168.57.1,55583,118,PA,64,
2026-04-24T16:55:37.879,TCP,192.168.57.1,55583,192.168.57.129,22,60,A,128,
2026-04-24T16:55:37.879,TCP,192.168.57.129,22,192.168.57.1,55583,118,PA,64,
2026-04-24T16:55:37.879,TCP,192.168.57.129,22,192.168.57.1,55583,102,PA,64,
2026-04-24T16:55:37.880,TCP,192.168.57.1,55583,192.168.57.129,22,60,A,128,
2026-04-24T16:55:37.880,TCP,192.168.57.129,22,192.168.57.1,55583,118,PA,64,
2026-04-24T16:55:37.880,TCP,192.168.57.129,22,192.168.57.1,55583,118,PA,64,
2026-04-24T16:55:37.881,TCP,192.168.57.1,55583,192.168.57.129,22,60,A,128,
2026-04-24T16:55:37.881,TCP,192.168.57.129,22,192.168.57.1,55583,118,PA,64,
2026-04-24T16:55:37.882,TCP,192.168.57.129,22,192.168.57.1,55583,182,PA,64,
2026-04-24T16:55:37.882,TCP,192.168.57.1,55583,192.168.57.129,22,60,A,128,
2026-04-24T16:55:37.882,TCP,192.168.57.129,22,192.168.57.1,55583,118,PA,64,
2026-04-24T16:55:37.883,TCP,192.168.57.129,22,192.168.57.1,55583,182,PA,64,
2026-04-24T16:55:37.883,TCP,192.168.57.1,55583,192.168.57.129,22,60,A,128,
2026-04-24T16:55:37.883,TCP,192.168.57.129,22,192.168.57.1,55583,118,PA,64,
2026-04-24T16:55:37.884,TCP,192.168.57.129,22,192.168.57.1,55583,182,PA,64,
2026-04-24T16:55:37.884,TCP,192.168.57.1,55583,192.168.57.129,22,60,A,128,
2026-04-24T16:55:37.884,TCP,192.168.57.129,22,192.168.57.1,55583,118,PA,64,
2026-04-24T16:55:37.885,TCP,192.168.57.129,22,192.168.57.1,55583,182,PA,64,
2026-04-24T16:55:37.885,TCP,192.168.57.129,22,192.168.57.1,55583,118,PA,64,
2026-04-24T16:55:37.885,TCP,192.168.57.1,55583,192.168.57.129,22,60,A,128,
2026-04-24T16:55:37.886,TCP,192.168.57.129,22,192.168.57.1,55583,166,PA,64,
2026-04-24T16:55:37.886,TCP,192.168.57.1,55583,192.168.57.129,22,60,A,128,
2026-04-24T16:55:37.887,TCP,192.168.57.129,22,192.168.57.1,55583,118,PA,64,
2026-04-24T16:55:37.887,TCP,192.168.57.129,22,192.168.57.1,55583,150,PA,64,
2026-04-24T16:55:37.887,TCP,192.168.57.129,22,192.168.57.1,55583,102,PA,64,
2026-04-24T16:55:37.887,TCP,192.168.57.1,55583,192.168.57.129,22,60,A,128,
2026-04-24T16:55:37.888,TCP,192.168.57.129,22,192.168.57.1,55583,118,PA,64,
2026-04-24T16:55:37.888,TCP,192.168.57.129,22,192.168.57.1,55583,102,PA,64,
2026-04-24T16:55:37.888,TCP,192.168.57.1,55583,192.168.57.129,22,60,A,128,
2026-04-24T16:55:37.889,TCP,192.168.57.129,22,192.168.57.1,55583,118,PA,64,
2026-04-24T16:55:37.889,TCP,192.168.57.1,55583,192.168.57.129,22,60,A,128,
2026-04-24T16:55:37.889,TCP,192.168.57.129,22,192.168.57.1,55583,118,PA,64,
2026-04-24T16:55:37.890,TCP,192.168.57.129,22,192.168.57.1,55583,166,PA,64,
2026-04-24T16:55:37.890,TCP,192.168.57.129,22,192.168.57.1,55583,102,PA,64,
2026-04-24T16:55:37.890,TCP,192.168.57.1,55583,192.168.57.129,22,60,A,128,
2026-04-24T16:55:37.891,TCP,192.168.57.129,22,192.168.57.1,55583,118,PA,64,
2026-04-24T16:55:37.891,TCP,192.168.57.1,55583,192.168.57.129,22,60,A,128,
2026-04-24T16:55:37.891,TCP,192.168.57.129,22,192.168.57.1,55583,118,PA,64,
2026-04-24T16:55:37.892,TCP,192.168.57.129,22,192.168.57.1,55583,166,PA,64,
2026-04-24T16:55:37.892,TCP,192.168.57.1,55583,192.168.57.129,22,60,A,128,
2026-04-24T16:55:37.892,TCP,192.168.57.129,22,192.168.57.1,55583,118,PA,64,
2026-04-24T16:55:37.893,TCP,192.168.57.129,22,192.168.57.1,55583,166,PA,64,
2026-04-24T16:55:37.893,TCP,192.168.57.129,22,192.168.57.1,55583,102,PA,64,
2026-04-24T16:55:37.893,TCP,192.168.57.1,55583,192.168.57.129,22,60,A,128,
2026-04-24T16:55:37.893,TCP,192.168.57.129,22,192.168.57.1,55583,118,PA,64,
2026-04-24T16:55:37.894,TCP,192.168.57.1,55583,192.168.57.129,22,60,A,128,
2026-04-24T16:55:37.894,TCP,192.168.57.129,22,192.168.57.1,55583,118,PA,64,
2026-04-24T16:55:37.894,TCP,192.168.57.129,22,192.168.57.1,55583,166,PA,64,
2026-04-24T16:55:37.895,TCP,192.168.57.1,55583,192.168.57.129,22,60,A,128,
2026-04-24T16:55:37.895,TCP,192.168.57.129,22,192.168.57.1,55583,118,PA,64,
2026-04-24T16:55:37.895,TCP,192.168.57.129,22,192.168.57.1,55583,166,PA,64,
2026-04-24T16:55:37.896,TCP,192.168.57.129,22,192.168.57.1,55583,102,PA,64,
2026-04-24T16:55:37.896,TCP,192.168.57.1,55583,192.168.57.129,22,60,A,128,
2026-04-24T16:55:37.897,TCP,192.168.57.129,22,192.168.57.1,55583,118,PA,64,
2026-04-24T16:55:37.897,TCP,192.168.57.129,22,192.168.57.1,55583,102,PA,64,
2026-04-24T16:55:37.897,TCP,192.168.57.1,55583,192.168.57.129,22,60,A,128,
2026-04-24T16:55:37.898,TCP,192.168.57.129,22,192.168.57.1,55583,118,PA,64,
2026-04-24T16:55:37.898,TCP,192.168.57.1,55583,192.168.57.129,22,60,A,128,
2026-04-24T16:55:37.898,TCP,192.168.57.129,22,192.168.57.1,55583,118,PA,64,
2026-04-24T16:55:37.899,TCP,192.168.57.129,22,192.168.57.1,55583,166,PA,64,
2026-04-24T16:55:37.899,TCP,192.168.57.1,55583,192.168.57.129,22,60,A,128,
2026-04-24T16:55:37.900,TCP,192.168.57.129,22,192.168.57.1,55583,118,PA,64,
2026-04-24T16:55:37.900,TCP,192.168.57.129,22,192.168.57.1,55583,166,PA,64,
2026-04-24T16:55:37.900,TCP,192.168.57.129,22,192.168.57.1,55583,102,PA,64,
2026-04-24T16:55:37.900,TCP,192.168.57.1,55583,192.168.57.129,22,60,A,128,
2026-04-24T16:55:37.901,TCP,192.168.57.129,22,192.168.57.1,55583,118,PA,64,
2026-04-24T16:55:37.901,TCP,192.168.57.1,55583,192.168.57.129,22,60,A,128,
2026-04-24T16:55:37.901,TCP,192.168.57.129,22,192.168.57.1,55583,118,PA,64,
2026-04-24T16:55:37.902,TCP,192.168.57.129,22,192.168.57.1,55583,166,PA,64,
2026-04-24T16:55:37.902,TCP,192.168.57.1,55583,192.168.57.129,22,60,A,128,
2026-04-24T16:55:37.902,TCP,192.168.57.1,55583,192.168.57.129,22,150,PA,128,
2026-04-24T16:55:37.903,TCP,192.168.57.129,22,192.168.57.1,55583,102,PA,64,
2026-04-24T16:55:37.903,TCP,192.168.57.129,22,192.168.57.1,55583,166,PA,64,
2026-04-24T16:55:37.903,TCP,192.168.57.1,55583,192.168.57.129,22,60,A,128,
2026-04-24T16:55:37.904,TCP,192.168.57.129,22,192.168.57.1,55583,118,PA,64,
2026-04-24T16:55:37.904,TCP,192.168.57.129,22,192.168.57.1,55583,182,PA,64,
2026-04-24T16:55:37.904,TCP,192.168.57.1,55583,192.168.57.129,22,60,A,128,
2026-04-24T16:55:37.905,TCP,192.168.57.129,22,192.168.57.1,55583,118,PA,64,
2026-04-24T16:55:37.905,TCP,192.168.57.129,22,192.168.57.1,55583,166,PA,64,
2026-04-24T16:55:37.905,TCP,192.168.57.1,55583,192.168.57.129,22,60,A,128,
2026-04-24T16:55:37.906,TCP,192.168.57.129,22,192.168.57.1,55583,118,PA,64,
2026-04-24T16:55:37.906,TCP,192.168.57.129,22,192.168.57.1,55583,166,PA,64,
2026-04-24T16:55:37.907,TCP,192.168.57.129,22,192.168.57.1,55583,102,PA,64,
2026-04-24T16:55:37.907,TCP,192.168.57.1,55583,192.168.57.129,22,60,A,128,
2026-04-24T16:55:37.907,TCP,192.168.57.129,22,192.168.57.1,55583,118,PA,64,
2026-04-24T16:55:37.908,TCP,192.168.57.1,55583,192.168.57.129,22,150,PA,128,
2026-04-24T16:55:37.908,TCP,192.168.57.129,22,192.168.57.1,55583,102,PA,64,
2026-04-24T16:55:37.908,TCP,192.168.57.129,22,192.168.57.1,55583,118,PA,64,
2026-04-24T16:55:37.909,TCP,192.168.57.129,22,192.168.57.1,55583,166,PA,64,
2026-04-24T16:55:37.909,TCP,192.168.57.129,22,192.168.57.1,55583,102,PA,64,
2026-04-24T16:55:37.909,TCP,192.168.57.129,22,192.168.57.1,55583,118,PA,64,
2026-04-24T16:55:37.910,TCP,192.168.57.129,22,192.168.57.1,55583,118,PA,64,
2026-04-24T16:55:37.910,TCP,192.168.57.129,22,192.168.57.1,55583,118,PA,64,
2026-04-24T16:55:37.910,TCP,192.168.57.1,55583,192.168.57.129,22,60,A,128,
2026-04-24T16:55:37.911,TCP,192.168.57.129,22,192.168.57.1,55583,118,PA,64,
2026-04-24T16:55:37.911,TCP,192.168.57.129,22,192.168.57.1,55583,182,PA,64,
2026-04-24T16:55:37.911,TCP,192.168.57.129,22,192.168.57.1,55583,102,PA,64,
2026-04-24T16:55:37.912,TCP,192.168.57.129,22,192.168.57.1,55583,118,PA,64,
2026-04-24T16:55:37.912,TCP,192.168.57.129,22,192.168.57.1,55583,166,PA,64,
2026-04-24T16:55:37.912,TCP,192.168.57.1,55583,192.168.57.129,22,60,A,128,
2026-04-24T16:55:37.913,TCP,192.168.57.129,22,192.168.57.1,55583,166,PA,64,
2026-04-24T16:55:37.914,TCP,192.168.57.129,22,192.168.57.1,55583,102,PA,64,
2026-04-24T16:55:37.914,TCP,192.168.57.129,22,192.168.57.1,55583,118,PA,64,
2026-04-24T16:55:37.914,TCP,192.168.57.1,55583,192.168.57.129,22,60,A,128,
2026-04-24T16:55:37.915,TCP,192.168.57.129,22,192.168.57.1,55583,118,PA,64,
2026-04-24T16:55:37.915,TCP,192.168.57.129,22,192.168.57.1,55583,166,PA,64,
2026-04-24T16:55:37.915,TCP,192.168.57.129,22,192.168.57.1,55583,118,PA,64,
2026-04-24T16:55:37.916,TCP,192.168.57.1,55583,192.168.57.129,22,60,A,128,
2026-04-24T16:55:37.916,TCP,192.168.57.129,22,192.168.57.1,55583,118,PA,64,
2026-04-24T16:55:37.916,TCP,192.168.57.1,55583,192.168.57.129,22,60,A,128,
2026-04-24T16:55:37.917,TCP,192.168.57.129,22,192.168.57.1,55583,118,PA,64,
2026-04-24T16:55:37.917,TCP,192.168.57.129,22,192.168.57.1,55583,166,PA,64,
2026-04-24T16:55:37.918,TCP,192.168.57.129,22,192.168.57.1,55583,118,PA,64,
2026-04-24T16:55:37.918,TCP,192.168.57.1,55583,192.168.57.129,22,60,A,128,
2026-04-24T16:55:37.918,TCP,192.168.57.129,22,192.168.57.1,55583,118,PA,64,
2026-04-24T16:55:37.919,TCP,192.168.57.129,22,192.168.57.1,55583,182,PA,64,
2026-04-24T16:55:37.919,TCP,192.168.57.1,55583,192.168.57.129,22,60,A,128,
2026-04-24T16:55:37.919,TCP,192.168.57.129,22,192.168.57.1,55583,102,PA,64,
2026-04-24T16:55:37.919,TCP,192.168.57.129,22,192.168.57.1,55583,118,PA,64,
2026-04-24T16:55:37.920,TCP,192.168.57.129,22,192.168.57.1,55583,118,PA,64,
2026-04-24T16:55:37.920,TCP,192.168.57.129,22,192.168.57.1,55583,182,PA,64,
2026-04-24T16:55:37.920,TCP,192.168.57.1,55583,192.168.57.129,22,60,A,128,
2026-04-24T16:55:37.921,TCP,192.168.57.129,22,192.168.57.1,55583,118,PA,64,
2026-04-24T16:55:37.921,TCP,192.168.57.129,22,192.168.57.1,55583,182,PA,64,
2026-04-24T16:55:37.921,TCP,192.168.57.1,55583,192.168.57.129,22,60,A,128,
2026-04-24T16:55:37.922,TCP,192.168.57.129,22,192.168.57.1,55583,118,PA,64,
2026-04-24T16:55:37.922,TCP,192.168.57.129,22,192.168.57.1,55583,182,PA,64,
2026-04-24T16:55:37.922,TCP,192.168.57.1,55583,192.168.57.129,22,60,A,128,
2026-04-24T16:55:37.923,TCP,192.168.57.129,22,192.168.57.1,55583,166,PA,64,
2026-04-24T16:55:37.923,TCP,192.168.57.1,55583,192.168.57.129,22,60,A,128,
2026-04-24T16:55:37.923,TCP,192.168.57.129,22,192.168.57.1,55583,118,PA,64,
2026-04-24T16:55:37.924,TCP,192.168.57.129,22,192.168.57.1,55583,182,PA,64,
2026-04-24T16:55:37.924,TCP,192.168.57.1,55583,192.168.57.129,22,60,A,128,
2026-04-24T16:55:37.924,TCP,192.168.57.129,22,192.168.57.1,55583,166,PA,64,
2026-04-24T16:55:37.925,TCP,192.168.57.1,55583,192.168.57.129,22,60,A,128,
2026-04-24T16:55:37.925,TCP,192.168.57.129,22,192.168.57.1,55583,118,PA,64,
2026-04-24T16:55:37.925,TCP,192.168.57.129,22,192.168.57.1,55583,182,PA,64,
2026-04-24T16:55:37.926,TCP,192.168.57.1,55583,192.168.57.129,22,60,A,128,
2026-04-24T16:55:37.926,TCP,192.168.57.129,22,192.168.57.1,55583,118,PA,64,
2026-04-24T16:55:37.926,TCP,192.168.57.129,22,192.168.57.1,55583,182,PA,64,
2026-04-24T16:55:37.927,TCP,192.168.57.1,55583,192.168.57.129,22,60,A,128,
2026-04-24T16:55:37.928,TCP,192.168.57.129,22,192.168.57.1,55583,118,PA,64,
2026-04-24T16:55:37.928,TCP,192.168.57.129,22,192.168.57.1,55583,166,PA,64,
2026-04-24T16:55:37.929,TCP,192.168.57.1,55583,192.168.57.129,22,60,A,128,
2026-04-24T16:55:37.929,TCP,192.168.57.129,22,192.168.57.1,55583,118,PA,64,
2026-04-24T16:55:37.930,TCP,192.168.57.129,22,192.168.57.1,55583,182,PA,64,
2026-04-24T16:55:37.930,TCP,192.168.57.129,22,192.168.57.1,55583,102,PA,64,
2026-04-24T16:55:37.931,TCP,192.168.57.129,22,192.168.57.1,55583,118,PA,64,
2026-04-24T16:55:37.932,TCP,192.168.57.129,22,192.168.57.1,55583,166,PA,64,
2026-04-24T16:55:37.932,TCP,192.168.57.1,55583,192.168.57.129,22,60,A,128,
2026-04-24T16:55:37.932,TCP,192.168.57.129,22,192.168.57.1,55583,118,PA,64,
2026-04-24T16:55:37.933,TCP,192.168.57.129,22,192.168.57.1,55583,166,PA,64,
2026-04-24T16:55:37.933,TCP,192.168.57.129,22,192.168.57.1,55583,118,PA,64,
2026-04-24T16:55:37.933,TCP,192.168.57.1,55583,192.168.57.129,22,60,A,128,
2026-04-24T16:55:37.934,TCP,192.168.57.129,22,192.168.57.1,55583,118,PA,64,
2026-04-24T16:55:37.934,TCP,192.168.57.1,55583,192.168.57.129,22,60,A,128,
2026-04-24T16:55:37.934,TCP,192.168.57.129,22,192.168.57.1,55583,118,PA,64,
2026-04-24T16:55:37.935,TCP,192.168.57.1,55583,192.168.57.129,22,60,A,128,
2026-04-24T16:55:37.935,TCP,192.168.57.129,22,192.168.57.1,55583,118,PA,64,
2026-04-24T16:55:37.935,TCP,192.168.57.1,55583,192.168.57.129,22,60,A,128,
2026-04-24T16:55:37.936,TCP,192.168.57.129,22,192.168.57.1,55583,118,PA,64,
2026-04-24T16:55:37.936,TCP,192.168.57.129,22,192.168.57.1,55583,166,PA,64,
2026-04-24T16:55:37.936,TCP,192.168.57.1,55583,192.168.57.129,22,60,A,128,
2026-04-24T16:55:37.937,TCP,192.168.57.129,22,192.168.57.1,55583,118,PA,64,
2026-04-24T16:55:37.937,TCP,192.168.57.129,22,192.168.57.1,55583,182,PA,64,
2026-04-24T16:55:37.937,TCP,192.168.57.1,55583,192.168.57.129,22,60,A,128,
2026-04-24T16:55:37.938,TCP,192.168.57.129,22,192.168.57.1,55583,118,PA,64,
2026-04-24T16:55:37.938,TCP,192.168.57.129,22,192.168.57.1,55583,182,PA,64,
2026-04-24T16:55:37.938,TCP,192.168.57.1,55583,192.168.57.129,22,60,A,128,
2026-04-24T16:55:37.939,TCP,192.168.57.129,22,192.168.57.1,55583,118,PA,64,
2026-04-24T16:55:37.939,TCP,192.168.57.129,22,192.168.57.1,55583,166,PA,64,
2026-04-24T16:55:37.939,TCP,192.168.57.129,22,192.168.57.1,55583,118,PA,64,
2026-04-24T16:55:37.940,TCP,192.168.57.129,22,192.168.57.1,55583,166,PA,64,
2026-04-24T16:55:37.940,TCP,192.168.57.129,22,192.168.57.1,55583,102,PA,64,
2026-04-24T16:55:37.940,TCP,192.168.57.129,22,192.168.57.1,55583,118,PA,64,
2026-04-24T16:55:37.941,TCP,192.168.57.129,22,192.168.57.1,55583,166,PA,64,
2026-04-24T16:55:37.941,TCP,192.168.57.129,22,192.168.57.1,55583,118,PA,64,
2026-04-24T16:55:37.941,TCP,192.168.57.129,22,192.168.57.1,55583,118,PA,64,
2026-04-24T16:55:37.942,TCP,192.168.57.129,22,192.168.57.1,55583,166,PA,64,
2026-04-24T16:55:37.942,TCP,192.168.57.129,22,192.168.57.1,55583,166,PA,64,
2026-04-24T16:55:37.942,TCP,192.168.57.129,22,192.168.57.1,55583,102,PA,64,
2026-04-24T16:55:37.943,TCP,192.168.57.129,22,192.168.57.1,55583,102,PA,64,
2026-04-24T16:55:37.943,TCP,192.168.57.129,22,192.168.57.1,55583,102,PA,64,
2026-04-24T16:55:37.944,TCP,192.168.57.129,22,192.168.57.1,55583,102,PA,64,
2026-04-24T16:55:37.944,TCP,192.168.57.129,22,192.168.57.1,55583,118,PA,64,
2026-04-24T16:55:37.945,TCP,192.168.57.129,22,192.168.57.1,55583,102,PA,64,
2026-04-24T16:55:37.945,TCP,192.168.57.129,22,192.168.57.1,55583,102,PA,64,
2026-04-24T16:55:37.945,TCP,192.168.57.129,22,192.168.57.1,55583,102,PA,64,
2026-04-24T16:55:37.946,TCP,192.168.57.129,22,192.168.57.1,55583,102,PA,64,
2026-04-24T16:55:37.947,TCP,192.168.57.129,22,192.168.57.1,55583,118,PA,64,
2026-04-24T16:55:37.948,TCP,192.168.57.129,22,192.168.57.1,55583,102,PA,64,
2026-04-24T16:55:37.948,TCP,192.168.57.129,22,192.168.57.1,55583,102,PA,64,
2026-04-24T16:55:37.949,TCP,192.168.57.129,22,192.168.57.1,55583,102,PA,64,
2026-04-24T16:55:37.949,TCP,192.168.57.129,22,192.168.57.1,55583,102,PA,64,
2026-04-24T16:55:37.949,TCP,192.168.57.129,22,192.168.57.1,55583,102,PA,64,
2026-04-24T16:55:37.950,TCP,192.168.57.129,22,192.168.57.1,55583,102,PA,64,
2026-04-24T16:55:37.950,TCP,192.168.57.129,22,192.168.57.1,55583,102,PA,64,
2026-04-24T16:55:37.950,TCP,192.168.57.129,22,192.168.57.1,55583,102,PA,64,
2026-04-24T16:55:37.950,TCP,192.168.57.129,22,192.168.57.1,55583,102,PA,64,
2026-04-24T16:55:37.951,TCP,192.168.57.1,55583,192.168.57.129,22,60,A,128,
2026-04-24T16:55:37.952,TCP,192.168.57.129,22,192.168.57.1,55583,102,PA,64,
2026-04-24T16:55:37.952,TCP,192.168.57.1,55583,192.168.57.129,22,60,A,128,
2026-04-24T16:55:37.952,TCP,192.168.57.129,22,192.168.57.1,55583,166,PA,64,
2026-04-24T16:55:37.952,TCP,192.168.57.129,22,192.168.57.1,55583,102,PA,64,
2026-04-24T16:55:37.953,TCP,192.168.57.129,22,192.168.57.1,55583,102,PA,64,
2026-04-24T16:55:37.954,TCP,192.168.57.129,22,192.168.57.1,55583,102,PA,64,
2026-04-24T16:55:37.954,TCP,192.168.57.129,22,192.168.57.1,55583,102,PA,64,
2026-04-24T16:55:37.954,TCP,192.168.57.129,22,192.168.57.1,55583,118,PA,64,
2026-04-24T16:55:37.954,TCP,192.168.57.129,22,192.168.57.1,55583,166,PA,64,
2026-04-24T16:55:37.955,TCP,192.168.57.1,55583,192.168.57.129,22,60,A,128,
2026-04-24T16:55:37.956,TCP,192.168.57.129,22,192.168.57.1,55583,118,PA,64,
2026-04-24T16:55:37.956,TCP,192.168.57.1,55583,192.168.57.129,22,60,A,128,
2026-04-24T16:55:37.956,TCP,192.168.57.129,22,192.168.57.1,55583,166,PA,64,
2026-04-24T16:55:37.957,TCP,192.168.57.1,55583,192.168.57.129,22,60,A,128,
2026-04-24T16:55:37.957,TCP,192.168.57.129,22,192.168.57.1,55583,166,PA,64,
2026-04-24T16:55:37.958,TCP,192.168.57.129,22,192.168.57.1,55583,102,PA,64,
2026-04-24T16:55:37.958,TCP,192.168.57.1,55583,192.168.57.129,22,60,A,128,
2026-04-24T16:55:37.958,TCP,192.168.57.129,22,192.168.57.1,55583,166,PA,64,
2026-04-24T16:55:37.959,TCP,192.168.57.129,22,192.168.57.1,55583,102,PA,64,
2026-04-24T16:55:37.959,TCP,192.168.57.129,22,192.168.57.1,55583,102,PA,64,
2026-04-24T16:55:37.959,TCP,192.168.57.129,22,192.168.57.1,55583,102,PA,64,
2026-04-24T16:55:37.960,TCP,192.168.57.129,22,192.168.57.1,55583,102,PA,64,
2026-04-24T16:55:37.960,TCP,192.168.57.129,22,192.168.57.1,55583,102,PA,64,
2026-04-24T16:55:37.960,TCP,192.168.57.1,55583,192.168.57.129,22,60,A,128,
2026-04-24T16:55:37.961,TCP,192.168.57.129,22,192.168.57.1,55583,166,PA,64,
2026-04-24T16:55:37.961,TCP,192.168.57.129,22,192.168.57.1,55583,102,PA,64,
2026-04-24T16:55:37.961,TCP,192.168.57.129,22,192.168.57.1,55583,102,PA,64,
2026-04-24T16:55:37.962,TCP,192.168.57.129,22,192.168.57.1,55583,102,PA,64,
2026-04-24T16:55:37.962,TCP,192.168.57.129,22,192.168.57.1,55583,102,PA,64,
2026-04-24T16:55:37.962,TCP,192.168.57.129,22,192.168.57.1,55583,102,PA,64,
2026-04-24T16:55:37.963,TCP,192.168.57.1,55583,192.168.57.129,22,60,A,128,
2026-04-24T16:55:37.963,TCP,192.168.57.129,22,192.168.57.1,55583,118,PA,64,
2026-04-24T16:55:37.964,TCP,192.168.57.129,22,192.168.57.1,55583,102,PA,64,
2026-04-24T16:55:37.964,TCP,192.168.57.129,22,192.168.57.1,55583,102,PA,64,
2026-04-24T16:55:37.964,TCP,192.168.57.1,55583,192.168.57.129,22,60,A,128,
2026-04-24T16:55:37.965,TCP,192.168.57.129,22,192.168.57.1,55583,118,PA,64,
2026-04-24T16:55:37.965,TCP,192.168.57.129,22,192.168.57.1,55583,182,PA,64,
2026-04-24T16:55:37.966,TCP,192.168.57.129,22,192.168.57.1,55583,102,PA,64,
2026-04-24T16:55:37.966,TCP,192.168.57.129,22,192.168.57.1,55583,118,PA,64,
2026-04-24T16:55:37.966,TCP,192.168.57.129,22,192.168.57.1,55583,102,PA,64,
2026-04-24T16:55:37.967,TCP,192.168.57.129,22,192.168.57.1,55583,102,PA,64,
2026-04-24T16:55:37.967,TCP,192.168.57.129,22,192.168.57.1,55583,102,PA,64,
2026-04-24T16:55:37.967,TCP,192.168.57.129,22,192.168.57.1,55583,102,PA,64,
2026-04-24T16:55:37.968,TCP,192.168.57.129,22,192.168.57.1,55583,102,PA,64,
2026-04-24T16:55:37.968,TCP,192.168.57.129,22,192.168.57.1,55583,102,PA,64,
2026-04-24T16:55:37.968,TCP,192.168.57.129,22,192.168.57.1,55583,102,PA,64,
2026-04-24T16:55:37.969,TCP,192.168.57.129,22,192.168.57.1,55583,102,PA,64,
2026-04-24T16:55:37.969,TCP,192.168.57.129,22,192.168.57.1,55583,102,PA,64,
2026-04-24T16:55:37.969,TCP,192.168.57.129,22,192.168.57.1,55583,118,PA,64,
2026-04-24T16:55:37.970,TCP,192.168.57.129,22,192.168.57.1,55583,182,PA,64,
2026-04-24T16:55:37.970,TCP,192.168.57.129,22,192.168.57.1,55583,246,PA,64,
2026-04-24T16:55:37.970,TCP,192.168.57.129,22,192.168.57.1,55583,294,PA,64,
2026-04-24T16:55:37.971,TCP,192.168.57.129,22,192.168.57.1,55583,118,PA,64,
2026-04-24T16:55:37.971,TCP,192.168.57.1,55583,192.168.57.129,22,150,PA,128,
2026-04-24T16:55:37.971,TCP,192.168.57.129,22,192.168.57.1,55583,230,PA,64,
2026-04-24T16:55:37.972,TCP,192.168.57.129,22,192.168.57.1,55583,118,PA,64,
2026-04-24T16:55:37.972,TCP,192.168.57.129,22,192.168.57.1,55583,166,PA,64,
2026-04-24T16:55:37.973,TCP,192.168.57.129,22,192.168.57.1,55583,118,PA,64,
2026-04-24T16:55:37.973,TCP,192.168.57.129,22,192.168.57.1,55583,166,PA,64,
2026-04-24T16:55:37.974,TCP,192.168.57.1,55583,192.168.57.129,22,60,A,128,
2026-04-24T16:55:37.974,TCP,192.168.57.129,22,192.168.57.1,55583,646,PA,64,
2026-04-24T16:55:37.974,TCP,192.168.57.129,22,192.168.57.1,55583,550,PA,64,
2026-04-24T16:55:37.975,TCP,192.168.57.129,22,192.168.57.1,55583,358,PA,64,
2026-04-24T16:55:37.975,TCP,192.168.57.1,55583,192.168.57.129,22,60,A,128,
2026-04-24T16:55:37.976,TCP,192.168.57.129,22,192.168.57.1,55583,342,PA,64,
2026-04-24T16:55:37.976,TCP,192.168.57.129,22,192.168.57.1,55583,118,PA,64,
2026-04-24T16:55:37.977,TCP,192.168.57.1,55583,192.168.57.129,22,150,PA,128,
2026-04-24T16:55:37.977,TCP,192.168.57.129,22,192.168.57.1,55583,326,PA,64,
2026-04-24T16:55:37.978,TCP,192.168.57.129,22,192.168.57.1,55583,102,PA,64,
2026-04-24T16:55:37.978,TCP,192.168.57.1,55583,192.168.57.129,22,60,A,128,
2026-04-24T16:55:37.978,TCP,192.168.57.129,22,192.168.57.1,55583,102,PA,64,
2026-04-24T16:55:37.979,TCP,192.168.57.129,22,192.168.57.1,55583,118,PA,64,
2026-04-24T16:55:37.979,TCP,192.168.57.129,22,192.168.57.1,55583,182,PA,64,
2026-04-24T16:55:37.980,TCP,192.168.57.129,22,192.168.57.1,55583,102,PA,64,
2026-04-24T16:55:37.980,TCP,192.168.57.129,22,192.168.57.1,55583,438,PA,64,
2026-04-24T16:55:37.981,TCP,192.168.57.129,22,192.168.57.1,55583,102,PA,64,
2026-04-24T16:55:37.981,TCP,192.168.57.1,55583,192.168.57.129,22,60,A,128,
2026-04-24T16:55:37.981,TCP,192.168.57.129,22,192.168.57.1,55583,118,PA,64,
2026-04-24T16:55:37.982,TCP,192.168.57.129,22,192.168.57.1,55583,118,PA,64,
2026-04-24T16:55:37.982,TCP,192.168.57.129,22,192.168.57.1,55583,358,PA,64,
2026-04-24T16:55:37.983,TCP,192.168.57.129,22,192.168.57.1,55583,102,PA,64,
2026-04-24T16:55:37.983,TCP,192.168.57.1,55583,192.168.57.129,22,60,A,128,
2026-04-24T16:55:37.983,TCP,192.168.57.129,22,192.168.57.1,55583,118,PA,64,
2026-04-24T16:55:37.984,TCP,192.168.57.129,22,192.168.57.1,55583,118,PA,64,
2026-04-24T16:55:37.984,TCP,192.168.57.129,22,192.168.57.1,55583,150,PA,64,
2026-04-24T16:55:37.984,TCP,192.168.57.129,22,192.168.57.1,55583,118,PA,64,
2026-04-24T16:55:37.985,TCP,192.168.57.129,22,192.168.57.1,55583,374,PA,64,
2026-04-24T16:55:37.985,TCP,192.168.57.129,22,192.168.57.1,55583,102,PA,64,
2026-04-24T16:55:37.985,TCP,192.168.57.1,55583,192.168.57.129,22,60,A,128,
2026-04-24T16:55:37.986,TCP,192.168.57.129,22,192.168.57.1,55583,118,PA,64,
2026-04-24T16:55:37.986,TCP,192.168.57.129,22,192.168.57.1,55583,102,PA,64,
2026-04-24T16:55:37.986,TCP,192.168.57.129,22,192.168.57.1,55583,118,PA,64,
2026-04-24T16:55:37.987,TCP,192.168.57.129,22,192.168.57.1,55583,118,PA,64,
2026-04-24T16:55:37.987,TCP,192.168.57.129,22,192.168.57.1,55583,182,PA,64,
2026-04-24T16:55:37.988,TCP,192.168.57.129,22,192.168.57.1,55583,102,PA,64,
2026-04-24T16:55:37.988,TCP,192.168.57.129,22,192.168.57.1,55583,134,PA,64,
2026-04-24T16:55:37.988,TCP,192.168.57.129,22,192.168.57.1,55583,118,PA,64,
2026-04-24T16:55:37.989,TCP,192.168.57.1,55583,192.168.57.129,22,60,A,128,
2026-04-24T16:55:37.989,TCP,192.168.57.129,22,192.168.57.1,55583,182,PA,64,
2026-04-24T16:55:37.990,TCP,192.168.57.129,22,192.168.57.1,55583,102,PA,64,
2026-04-24T16:55:37.990,TCP,192.168.57.129,22,192.168.57.1,55583,118,PA,64,
2026-04-24T16:55:37.990,TCP,192.168.57.1,55583,192.168.57.129,22,60,A,128,
2026-04-24T16:55:37.991,TCP,192.168.57.129,22,192.168.57.1,55583,118,PA,64,
2026-04-24T16:55:37.991,TCP,192.168.57.129,22,192.168.57.1,55583,182,PA,64,
2026-04-24T16:55:37.991,TCP,192.168.57.1,55583,192.168.57.129,22,60,A,128,
2026-04-24T16:55:37.991,TCP,192.168.57.129,22,192.168.57.1,55583,118,PA,64,
2026-04-24T16:55:37.992,TCP,192.168.57.129,22,192.168.57.1,55583,182,PA,64,
2026-04-24T16:55:37.992,TCP,192.168.57.1,55583,192.168.57.129,22,60,A,128,
2026-04-24T16:55:37.992,TCP,192.168.57.129,22,192.168.57.1,55583,118,PA,64,
2026-04-24T16:55:37.993,TCP,192.168.57.129,22,192.168.57.1,55583,182,PA,64,
2026-04-24T16:55:37.993,TCP,192.168.57.1,55583,192.168.57.129,22,60,A,128,
2026-04-24T16:55:37.993,TCP,192.168.57.129,22,192.168.57.1,55583,118,PA,64,
2026-04-24T16:55:37.993,TCP,192.168.57.129,22,192.168.57.1,55583,166,PA,64,
2026-04-24T16:55:37.994,TCP,192.168.57.1,55583,192.168.57.129,22,60,A,128,
2026-04-24T16:55:37.994,TCP,192.168.57.129,22,192.168.57.1,55583,102,PA,64,
2026-04-24T16:55:37.994,TCP,192.168.57.129,22,192.168.57.1,55583,118,PA,64,
2026-04-24T16:55:37.995,TCP,192.168.57.1,55583,192.168.57.129,22,60,A,128,
2026-04-24T16:55:37.995,TCP,192.168.57.129,22,192.168.57.1,55583,102,PA,64,
2026-04-24T16:55:37.995,TCP,192.168.57.129,22,192.168.57.1,55583,118,PA,64,
2026-04-24T16:55:37.995,TCP,192.168.57.1,55583,192.168.57.129,22,60,A,128,
2026-04-24T16:55:37.996,TCP,192.168.57.129,22,192.168.57.1,55583,118,PA,64,
2026-04-24T16:55:37.996,TCP,192.168.57.129,22,192.168.57.1,55583,166,PA,64,
2026-04-24T16:55:37.997,TCP,192.168.57.1,55583,192.168.57.129,22,60,A,128,
2026-04-24T16:55:37.997,TCP,192.168.57.129,22,192.168.57.1,55583,102,PA,64,
2026-04-24T16:55:37.997,TCP,192.168.57.129,22,192.168.57.1,55583,118,PA,64,
2026-04-24T16:55:37.997,TCP,192.168.57.1,55583,192.168.57.129,22,60,A,128,
2026-04-24T16:55:37.998,TCP,192.168.57.129,22,192.168.57.1,55583,102,PA,64,
2026-04-24T16:55:37.998,TCP,192.168.57.129,22,192.168.57.1,55583,166,PA,64,
2026-04-24T16:55:37.998,TCP,192.168.57.1,55583,192.168.57.129,22,60,A,128,
2026-04-24T16:55:37.999,TCP,192.168.57.129,22,192.168.57.1,55583,118,PA,64,
2026-04-24T16:55:37.999,TCP,192.168.57.129,22,192.168.57.1,55583,182,PA,64,
2026-04-24T16:55:37.999,TCP,192.168.57.129,22,192.168.57.1,55583,102,PA,64,
2026-04-24T16:55:38.000,TCP,192.168.57.1,55583,192.168.57.129,22,60,A,128,
2026-04-24T16:55:38.000,TCP,192.168.57.129,22,192.168.57.1,55583,118,PA,64,
2026-04-24T16:55:38.000,TCP,192.168.57.129,22,192.168.57.1,55583,102,PA,64,
2026-04-24T16:55:38.000,TCP,192.168.57.1,55583,192.168.57.129,22,60,A,128,
2026-04-24T16:55:38.001,TCP,192.168.57.129,22,192.168.57.1,55583,118,PA,64,
2026-04-24T16:55:38.001,TCP,192.168.57.129,22,192.168.57.1,55583,102,PA,64,
2026-04-24T16:55:38.001,TCP,192.168.57.1,55583,192.168.57.129,22,60,A,128,
2026-04-24T16:55:38.001,TCP,192.168.57.129,22,192.168.57.1,55583,118,PA,64,
2026-04-24T16:55:38.002,TCP,192.168.57.1,55583,192.168.57.129,22,60,A,128,
2026-04-24T16:55:38.002,TCP,192.168.57.129,22,192.168.57.1,55583,118,PA,64,
2026-04-24T16:55:38.002,TCP,192.168.57.129,22,192.168.57.1,55583,166,PA,64,
2026-04-24T16:55:38.002,TCP,192.168.57.1,55583,192.168.57.129,22,60,A,128,
2026-04-24T16:55:38.003,TCP,192.168.57.129,22,192.168.57.1,55583,118,PA,64,
2026-04-24T16:55:38.003,TCP,192.168.57.129,22,192.168.57.1,55583,150,PA,64,
2026-04-24T16:55:38.003,TCP,192.168.57.1,55583,192.168.57.129,22,60,A,128,
2026-04-24T16:55:38.003,TCP,192.168.57.129,22,192.168.57.1,55583,118,PA,64,
2026-04-24T16:55:38.004,TCP,192.168.57.129,22,192.168.57.1,55583,166,PA,64,
2026-04-24T16:55:38.004,TCP,192.168.57.1,55583,192.168.57.129,22,60,A,128,
2026-04-24T16:55:38.005,TCP,192.168.57.129,22,192.168.57.1,55583,102,PA,64,
2026-04-24T16:55:38.005,TCP,192.168.57.129,22,192.168.57.1,55583,166,PA,64,
2026-04-24T16:55:38.005,TCP,192.168.57.129,22,192.168.57.1,55583,102,PA,64,
2026-04-24T16:55:38.005,TCP,192.168.57.1,55583,192.168.57.129,22,60,A,128,
2026-04-24T16:55:38.006,TCP,192.168.57.129,22,192.168.57.1,55583,118,PA,64,
2026-04-24T16:55:38.006,TCP,192.168.57.129,22,192.168.57.1,55583,118,PA,64,
2026-04-24T16:55:38.006,TCP,192.168.57.129,22,192.168.57.1,55583,182,PA,64,
2026-04-24T16:55:38.007,TCP,192.168.57.1,55583,192.168.57.129,22,60,A,128,
2026-04-24T16:55:38.007,TCP,192.168.57.129,22,192.168.57.1,55583,118,PA,64,
2026-04-24T16:55:38.007,TCP,192.168.57.129,22,192.168.57.1,55583,166,PA,64,
2026-04-24T16:55:38.008,TCP,192.168.57.1,55583,192.168.57.129,22,60,A,128,
2026-04-24T16:55:38.008,TCP,192.168.57.129,22,192.168.57.1,55583,166,PA,64,
2026-04-24T16:55:38.008,TCP,192.168.57.129,22,192.168.57.1,55583,102,PA,64,
2026-04-24T16:55:38.008,TCP,192.168.57.129,22,192.168.57.1,55583,102,PA,64,
2026-04-24T16:55:38.009,TCP,192.168.57.129,22,192.168.57.1,55583,102,PA,64,
2026-04-24T16:55:38.009,TCP,192.168.57.129,22,192.168.57.1,55583,118,PA,64,
2026-04-24T16:55:38.009,TCP,192.168.57.129,22,192.168.57.1,55583,118,PA,64,
2026-04-24T16:55:38.009,TCP,192.168.57.129,22,192.168.57.1,55583,182,PA,64,
2026-04-24T16:55:38.010,TCP,192.168.57.129,22,192.168.57.1,55583,102,PA,64,
2026-04-24T16:55:38.010,TCP,192.168.57.1,55583,192.168.57.129,22,60,A,128,
2026-04-24T16:55:38.010,TCP,192.168.57.129,22,192.168.57.1,55583,102,PA,64,
2026-04-24T16:55:38.011,TCP,192.168.57.129,22,192.168.57.1,55583,118,PA,64,
2026-04-24T16:55:38.011,TCP,192.168.57.129,22,192.168.57.1,55583,166,PA,64,
2026-04-24T16:55:38.012,TCP,192.168.57.129,22,192.168.57.1,55583,102,PA,64,
2026-04-24T16:55:38.012,TCP,192.168.57.129,22,192.168.57.1,55583,102,PA,64,
2026-04-24T16:55:38.012,TCP,192.168.57.129,22,192.168.57.1,55583,102,PA,64,
2026-04-24T16:55:38.013,TCP,192.168.57.129,22,192.168.57.1,55583,102,PA,64,
2026-04-24T16:55:38.013,TCP,192.168.57.129,22,192.168.57.1,55583,102,PA,64,
2026-04-24T16:55:38.013,TCP,192.168.57.129,22,192.168.57.1,55583,118,PA,64,
2026-04-24T16:55:38.014,TCP,192.168.57.129,22,192.168.57.1,55583,118,PA,64,
2026-04-24T16:55:38.014,TCP,192.168.57.129,22,192.168.57.1,55583,166,PA,64,
2026-04-24T16:55:38.014,TCP,192.168.57.129,22,192.168.57.1,55583,166,PA,64,
2026-04-24T16:55:38.015,TCP,192.168.57.1,55583,192.168.57.129,22,60,A,128,
2026-04-24T16:55:38.015,TCP,192.168.57.129,22,192.168.57.1,55583,166,PA,64,
2026-04-24T16:55:38.015,TCP,192.168.57.1,55583,192.168.57.129,22,60,A,128,
2026-04-24T16:55:38.016,TCP,192.168.57.129,22,192.168.57.1,55583,118,PA,64,
2026-04-24T16:55:38.016,TCP,192.168.57.129,22,192.168.57.1,55583,182,PA,64,
2026-04-24T16:55:38.016,TCP,192.168.57.129,22,192.168.57.1,55583,102,PA,64,
2026-04-24T16:55:38.017,TCP,192.168.57.129,22,192.168.57.1,55583,118,PA,64,
2026-04-24T16:55:38.017,TCP,192.168.57.129,22,192.168.57.1,55583,166,PA,64,
2026-04-24T16:55:38.017,TCP,192.168.57.129,22,192.168.57.1,55583,102,PA,64,
2026-04-24T16:55:38.018,TCP,192.168.57.129,22,192.168.57.1,55583,118,PA,64,
2026-04-24T16:55:38.018,TCP,192.168.57.129,22,192.168.57.1,55583,166,PA,64,
2026-04-24T16:55:38.018,TCP,192.168.57.1,55583,192.168.57.129,22,60,A,128,
2026-04-24T16:55:38.019,TCP,192.168.57.129,22,192.168.57.1,55583,118,PA,64,
2026-04-24T16:55:38.019,TCP,192.168.57.129,22,192.168.57.1,55583,182,PA,64,
2026-04-24T16:55:38.020,TCP,192.168.57.129,22,192.168.57.1,55583,102,PA,64,
2026-04-24T16:55:38.020,TCP,192.168.57.1,55583,192.168.57.129,22,60,A,128,
2026-04-24T16:55:38.020,TCP,192.168.57.129,22,192.168.57.1,55583,118,PA,64,
2026-04-24T16:55:38.021,TCP,192.168.57.129,22,192.168.57.1,55583,166,PA,64,
2026-04-24T16:55:38.021,TCP,192.168.57.1,55583,192.168.57.129,22,60,A,128,
2026-04-24T16:55:38.021,TCP,192.168.57.129,22,192.168.57.1,55583,118,PA,64,
2026-04-24T16:55:38.022,TCP,192.168.57.129,22,192.168.57.1,55583,166,PA,64,
2026-04-24T16:55:38.022,TCP,192.168.57.1,55583,192.168.57.129,22,60,A,128,
2026-04-24T16:55:38.022,TCP,192.168.57.129,22,192.168.57.1,55583,166,PA,64,
2026-04-24T16:55:38.023,TCP,192.168.57.1,55583,192.168.57.129,22,60,A,128,
2026-04-24T16:55:38.023,TCP,192.168.57.129,22,192.168.57.1,55583,118,PA,64,
2026-04-24T16:55:38.023,TCP,192.168.57.129,22,192.168.57.1,55583,102,PA,64,
2026-04-24T16:55:38.024,TCP,192.168.57.129,22,192.168.57.1,55583,118,PA,64,
2026-04-24T16:55:38.024,TCP,192.168.57.129,22,192.168.57.1,55583,118,PA,64,
2026-04-24T16:55:38.024,TCP,192.168.57.129,22,192.168.57.1,55583,118,PA,64,
2026-04-24T16:55:38.025,TCP,192.168.57.129,22,192.168.57.1,55583,118,PA,64,
2026-04-24T16:55:38.025,TCP,192.168.57.1,55583,192.168.57.129,22,66,A,128,
2026-04-24T16:55:38.025,TCP,192.168.57.1,55583,192.168.57.129,22,246,PA,128,
2026-04-24T16:55:38.026,TCP,192.168.57.129,22,192.168.57.1,55583,150,PA,64,
2026-04-24T16:55:38.026,TCP,192.168.57.129,22,192.168.57.1,55583,262,PA,64,
2026-04-24T16:55:38.027,TCP,192.168.57.129,22,192.168.57.1,55583,230,PA,64,
2026-04-24T16:55:38.027,TCP,192.168.57.1,55583,192.168.57.129,22,60,A,128,
2026-04-24T16:55:38.027,TCP,192.168.57.129,22,192.168.57.1,55583,118,PA,64,
2026-04-24T16:55:38.028,TCP,192.168.57.129,22,192.168.57.1,55583,102,PA,64,
2026-04-24T16:55:38.028,TCP,192.168.57.129,22,192.168.57.1,55583,118,PA,64,
2026-04-24T16:55:38.028,TCP,192.168.57.1,55583,192.168.57.129,22,60,A,128,
2026-04-24T16:55:38.029,TCP,192.168.57.1,55583,192.168.57.129,22,60,A,128,
2026-04-24T16:55:38.029,TCP,192.168.57.129,22,192.168.57.1,55583,118,PA,64,
2026-04-24T16:55:38.029,TCP,192.168.57.129,22,192.168.57.1,55583,166,PA,64,
2026-04-24T16:55:38.030,TCP,192.168.57.1,55583,192.168.57.129,22,60,A,128,
2026-04-24T16:55:38.031,TCP,192.168.57.129,22,192.168.57.1,55583,118,PA,64,
2026-04-24T16:55:38.031,TCP,192.168.57.129,22,192.168.57.1,55583,182,PA,64,
2026-04-24T16:55:38.031,TCP,192.168.57.129,22,192.168.57.1,55583,118,PA,64,
2026-04-24T16:55:38.032,TCP,192.168.57.1,55583,192.168.57.129,22,60,A,128,
2026-04-24T16:55:38.032,TCP,192.168.57.129,22,192.168.57.1,55583,102,PA,64,
2026-04-24T16:55:38.033,TCP,192.168.57.1,55583,192.168.57.129,22,60,A,128,
2026-04-24T16:55:38.033,TCP,192.168.57.129,22,192.168.57.1,55583,102,PA,64,
2026-04-24T16:55:38.034,TCP,192.168.57.129,22,192.168.57.1,55583,118,PA,64,
2026-04-24T16:55:38.034,TCP,192.168.57.1,55583,192.168.57.129,22,60,A,128,
2026-04-24T16:55:38.034,TCP,192.168.57.129,22,192.168.57.1,55583,102,PA,64,
2026-04-24T16:55:38.035,TCP,192.168.57.129,22,192.168.57.1,55583,118,PA,64,
2026-04-24T16:55:38.035,TCP,192.168.57.1,55583,192.168.57.129,22,60,A,128,
2026-04-24T16:55:38.035,TCP,192.168.57.129,22,192.168.57.1,55583,118,PA,64,
2026-04-24T16:55:38.036,TCP,192.168.57.129,22,192.168.57.1,55583,166,PA,64,
2026-04-24T16:55:38.036,TCP,192.168.57.1,55583,192.168.57.129,22,60,A,128,
2026-04-24T16:55:38.036,TCP,192.168.57.129,22,192.168.57.1,55583,118,PA,64,
2026-04-24T16:55:38.037,TCP,192.168.57.129,22,192.168.57.1,55583,166,PA,64,
2026-04-24T16:55:38.037,TCP,192.168.57.1,55583,192.168.57.129,22,60,A,128,
2026-04-24T16:55:38.037,TCP,192.168.57.129,22,192.168.57.1,55583,118,PA,64,
2026-04-24T16:55:38.038,TCP,192.168.57.129,22,192.168.57.1,55583,182,PA,64,
2026-04-24T16:55:38.038,TCP,192.168.57.1,55583,192.168.57.129,22,60,A,128,
2026-04-24T16:55:38.038,TCP,192.168.57.129,22,192.168.57.1,55583,118,PA,64,
2026-04-24T16:55:38.039,TCP,192.168.57.129,22,192.168.57.1,55583,166,PA,64,
2026-04-24T16:55:38.039,TCP,192.168.57.1,55583,192.168.57.129,22,60,A,128,
2026-04-24T16:55:38.039,TCP,192.168.57.129,22,192.168.57.1,55583,118,PA,64,
2026-04-24T16:55:38.040,TCP,192.168.57.129,22,192.168.57.1,55583,118,PA,64,
2026-04-24T16:55:38.040,TCP,192.168.57.1,55583,192.168.57.129,22,60,A,128,
2026-04-24T16:55:38.040,TCP,192.168.57.129,22,192.168.57.1,55583,118,PA,64,
2026-04-24T16:55:38.041,TCP,192.168.57.129,22,192.168.57.1,55583,118,PA,64,
2026-04-24T16:55:38.041,TCP,192.168.57.1,55583,192.168.57.129,22,60,A,128,
2026-04-24T16:55:38.041,TCP,192.168.57.129,22,192.168.57.1,55583,118,PA,64,
2026-04-24T16:55:38.042,TCP,192.168.57.129,22,192.168.57.1,55583,118,PA,64,
2026-04-24T16:55:38.042,TCP,192.168.57.1,55583,192.168.57.129,22,60,A,128,
2026-04-24T16:55:38.042,TCP,192.168.57.129,22,192.168.57.1,55583,118,PA,64,
2026-04-24T16:55:38.043,TCP,192.168.57.129,22,192.168.57.1,55583,118,PA,64,
2026-04-24T16:55:38.043,TCP,192.168.57.129,22,192.168.57.1,55583,102,PA,64,
2026-04-24T16:55:38.043,TCP,192.168.57.129,22,192.168.57.1,55583,118,PA,64,
2026-04-24T16:55:38.044,TCP,192.168.57.1,55583,192.168.57.129,22,60,A,128,
2026-04-24T16:55:38.044,TCP,192.168.57.129,22,192.168.57.1,55583,102,PA,64,
2026-04-24T16:55:38.044,TCP,192.168.57.1,55583,192.168.57.129,22,60,A,128,
2026-04-24T16:55:38.045,TCP,192.168.57.129,22,192.168.57.1,55583,118,PA,64,
2026-04-24T16:55:38.045,TCP,192.168.57.1,55583,192.168.57.129,22,60,A,128,
2026-04-24T16:55:38.045,TCP,192.168.57.129,22,192.168.57.1,55583,118,PA,64,
2026-04-24T16:55:38.046,TCP,192.168.57.129,22,192.168.57.1,55583,118,PA,64,
2026-04-24T16:55:38.046,TCP,192.168.57.129,22,192.168.57.1,55583,102,PA,64,
2026-04-24T16:55:38.047,TCP,192.168.57.129,22,192.168.57.1,55583,118,PA,64,
2026-04-24T16:55:38.047,TCP,192.168.57.1,55583,192.168.57.129,22,60,A,128,
2026-04-24T16:55:38.047,TCP,192.168.57.1,55583,192.168.57.129,22,60,A,128,
2026-04-24T16:55:38.048,TCP,192.168.57.129,22,192.168.57.1,55583,102,PA,64,
2026-04-24T16:55:38.048,TCP,192.168.57.129,22,192.168.57.1,55583,102,PA,64,
2026-04-24T16:55:38.048,TCP,192.168.57.129,22,192.168.57.1,55583,118,PA,64,
2026-04-24T16:55:38.049,TCP,192.168.57.1,55583,192.168.57.129,22,60,A,128,
2026-04-24T16:55:38.049,TCP,192.168.57.129,22,192.168.57.1,55583,118,PA,64,
2026-04-24T16:55:38.050,TCP,192.168.57.129,22,192.168.57.1,55583,102,PA,64,
2026-04-24T16:55:38.050,TCP,192.168.57.1,55583,192.168.57.129,22,60,A,128,
2026-04-24T16:55:38.050,TCP,192.168.57.129,22,192.168.57.1,55583,118,PA,64,
2026-04-24T16:55:38.050,TCP,192.168.57.1,55583,192.168.57.129,22,60,A,128,
2026-04-24T16:55:38.051,TCP,192.168.57.129,22,192.168.57.1,55583,118,PA,64,
2026-04-24T16:55:38.051,TCP,192.168.57.129,22,192.168.57.1,55583,102,PA,64,
2026-04-24T16:55:38.052,TCP,192.168.57.1,55583,192.168.57.129,22,60,A,128,
2026-04-24T16:55:38.052,TCP,192.168.57.129,22,192.168.57.1,55583,118,PA,64,
2026-04-24T16:55:38.052,TCP,192.168.57.129,22,192.168.57.1,55583,102,PA,64,
2026-04-24T16:55:38.053,TCP,192.168.57.129,22,192.168.57.1,55583,102,PA,64,
2026-04-24T16:55:38.053,TCP,192.168.57.1,55583,192.168.57.129,22,60,A,128,
2026-04-24T16:55:38.053,TCP,192.168.57.129,22,192.168.57.1,55583,118,PA,64,
2026-04-24T16:55:38.054,TCP,192.168.57.129,22,192.168.57.1,55583,102,PA,64,
2026-04-24T16:55:38.054,TCP,192.168.57.1,55583,192.168.57.129,22,60,A,128,
2026-04-24T16:55:38.054,TCP,192.168.57.129,22,192.168.57.1,55583,118,PA,64,
2026-04-24T16:55:38.054,TCP,192.168.57.1,55583,192.168.57.129,22,60,A,128,
2026-04-24T16:55:38.055,TCP,192.168.57.129,22,192.168.57.1,55583,118,PA,64,
2026-04-24T16:55:38.055,TCP,192.168.57.129,22,192.168.57.1,55583,102,PA,64,
2026-04-24T16:55:38.055,TCP,192.168.57.129,22,192.168.57.1,55583,118,PA,64,
2026-04-24T16:55:38.056,TCP,192.168.57.1,55583,192.168.57.129,22,60,A,128,
2026-04-24T16:55:38.056,TCP,192.168.57.129,22,192.168.57.1,55583,102,PA,64,
2026-04-24T16:55:38.056,TCP,192.168.57.1,55583,192.168.57.129,22,60,A,128,
2026-04-24T16:55:38.057,TCP,192.168.57.129,22,192.168.57.1,55583,118,PA,64,
2026-04-24T16:55:38.057,TCP,192.168.57.129,22,192.168.57.1,55583,118,PA,64,
2026-04-24T16:55:38.057,TCP,192.168.57.1,55583,192.168.57.129,22,60,A,128,
2026-04-24T16:55:38.058,TCP,192.168.57.129,22,192.168.57.1,55583,118,PA,64,
2026-04-24T16:55:38.058,TCP,192.168.57.129,22,192.168.57.1,55583,102,PA,64,
2026-04-24T16:55:38.058,TCP,192.168.57.1,55583,192.168.57.129,22,60,A,128,
2026-04-24T16:55:38.059,TCP,192.168.57.129,22,192.168.57.1,55583,118,PA,64,
2026-04-24T16:55:38.059,TCP,192.168.57.129,22,192.168.57.1,55583,118,PA,64,
2026-04-24T16:55:38.059,TCP,192.168.57.1,55583,192.168.57.129,22,60,A,128,
2026-04-24T16:55:38.060,TCP,192.168.57.129,22,192.168.57.1,55583,102,PA,64,
2026-04-24T16:55:38.060,TCP,192.168.57.129,22,192.168.57.1,55583,118,PA,64,
2026-04-24T16:55:38.060,TCP,192.168.57.129,22,192.168.57.1,55583,102,PA,64,
2026-04-24T16:55:38.061,TCP,192.168.57.1,55583,192.168.57.129,22,60,A,128,
2026-04-24T16:55:38.061,TCP,192.168.57.129,22,192.168.57.1,55583,118,PA,64,
2026-04-24T16:55:38.061,TCP,192.168.57.1,55583,192.168.57.129,22,60,A,128,
2026-04-24T16:55:38.062,TCP,192.168.57.129,22,192.168.57.1,55583,118,PA,64,
2026-04-24T16:55:38.062,TCP,192.168.57.129,22,192.168.57.1,55583,118,PA,64,
2026-04-24T16:55:38.062,TCP,192.168.57.1,55583,192.168.57.129,22,60,A,128,
2026-04-24T16:55:38.062,TCP,192.168.57.129,22,192.168.57.1,55583,118,PA,64,
2026-04-24T16:55:38.063,TCP,192.168.57.129,22,192.168.57.1,55583,102,PA,64,
2026-04-24T16:55:38.064,TCP,192.168.57.1,55583,192.168.57.129,22,60,A,128,
2026-04-24T16:55:38.064,TCP,192.168.57.129,22,192.168.57.1,55583,118,PA,64,
2026-04-24T16:55:38.064,TCP,192.168.57.129,22,192.168.57.1,55583,118,PA,64,
2026-04-24T16:55:38.065,TCP,192.168.57.129,22,192.168.57.1,55583,102,PA,64,
2026-04-24T16:55:38.065,TCP,192.168.57.1,55583,192.168.57.129,22,60,A,128,
2026-04-24T16:55:38.065,TCP,192.168.57.129,22,192.168.57.1,55583,118,PA,64,
2026-04-24T16:55:38.066,TCP,192.168.57.129,22,192.168.57.1,55583,102,PA,64,
2026-04-24T16:55:38.066,TCP,192.168.57.1,55583,192.168.57.129,22,60,A,128,
2026-04-24T16:55:38.066,TCP,192.168.57.129,22,192.168.57.1,55583,118,PA,64,
2026-04-24T16:55:38.067,TCP,192.168.57.1,55583,192.168.57.129,22,60,A,128,
2026-04-24T16:55:38.067,TCP,192.168.57.129,22,192.168.57.1,55583,118,PA,64,
2026-04-24T16:55:38.067,TCP,192.168.57.129,22,192.168.57.1,55583,118,PA,64,
2026-04-24T16:55:38.068,TCP,192.168.57.129,22,192.168.57.1,55583,102,PA,64,
2026-04-24T16:55:38.068,TCP,192.168.57.1,55583,192.168.57.129,22,60,A,128,
2026-04-24T16:55:38.068,TCP,192.168.57.129,22,192.168.57.1,55583,118,PA,64,
2026-04-24T16:55:38.069,TCP,192.168.57.1,55583,192.168.57.129,22,60,A,128,
2026-04-24T16:55:38.069,TCP,192.168.57.129,22,192.168.57.1,55583,118,PA,64,
2026-04-24T16:55:38.070,TCP,192.168.57.129,22,192.168.57.1,55583,118,PA,64,
2026-04-24T16:55:38.070,TCP,192.168.57.1,55583,192.168.57.129,22,60,A,128,
2026-04-24T16:55:38.070,TCP,192.168.57.129,22,192.168.57.1,55583,118,PA,64,
2026-04-24T16:55:38.071,TCP,192.168.57.129,22,192.168.57.1,55583,118,PA,64,
2026-04-24T16:55:38.071,TCP,192.168.57.1,55583,192.168.57.129,22,60,A,128,
2026-04-24T16:55:38.071,TCP,192.168.57.129,22,192.168.57.1,55583,118,PA,64,
2026-04-24T16:55:38.072,TCP,192.168.57.129,22,192.168.57.1,55583,102,PA,64,
2026-04-24T16:55:38.072,TCP,192.168.57.1,55583,192.168.57.129,22,60,A,128,
2026-04-24T16:55:38.072,TCP,192.168.57.129,22,192.168.57.1,55583,118,PA,64,
2026-04-24T16:55:38.073,TCP,192.168.57.129,22,192.168.57.1,55583,118,PA,64,
2026-04-24T16:55:38.073,TCP,192.168.57.1,55583,192.168.57.129,22,60,A,128,
2026-04-24T16:55:38.073,TCP,192.168.57.129,22,192.168.57.1,55583,118,PA,64,
2026-04-24T16:55:38.074,TCP,192.168.57.129,22,192.168.57.1,55583,118,PA,64,
2026-04-24T16:55:38.074,TCP,192.168.57.1,55583,192.168.57.129,22,60,A,128,
2026-04-24T16:55:38.074,TCP,192.168.57.129,22,192.168.57.1,55583,118,PA,64,
2026-04-24T16:55:38.075,TCP,192.168.57.129,22,192.168.57.1,55583,118,PA,64,
2026-04-24T16:55:38.075,TCP,192.168.57.1,55583,192.168.57.129,22,60,A,128,
2026-04-24T16:55:38.075,TCP,192.168.57.129,22,192.168.57.1,55583,118,PA,64,
2026-04-24T16:55:38.076,TCP,192.168.57.129,22,192.168.57.1,55583,182,PA,64,
2026-04-24T16:55:38.076,TCP,192.168.57.1,55583,192.168.57.129,22,60,A,128,
2026-04-24T16:55:38.077,TCP,192.168.57.129,22,192.168.57.1,55583,118,PA,64,
2026-04-24T16:55:38.077,TCP,192.168.57.129,22,192.168.57.1,55583,182,PA,64,
2026-04-24T16:55:38.077,TCP,192.168.57.1,55583,192.168.57.129,22,60,A,128,
2026-04-24T16:55:38.078,TCP,192.168.57.129,22,192.168.57.1,55583,118,PA,64,
2026-04-24T16:55:38.078,TCP,192.168.57.129,22,192.168.57.1,55583,166,PA,64,
2026-04-24T16:55:38.078,TCP,192.168.57.1,55583,192.168.57.129,22,60,A,128,
2026-04-24T16:55:38.078,TCP,192.168.57.129,22,192.168.57.1,55583,118,PA,64,
2026-04-24T16:55:38.079,TCP,192.168.57.129,22,192.168.57.1,55583,166,PA,64,
2026-04-24T16:55:38.080,TCP,192.168.57.1,55583,192.168.57.129,22,60,A,128,
2026-04-24T16:55:38.080,TCP,192.168.57.129,22,192.168.57.1,55583,118,PA,64,
2026-04-24T16:55:38.081,TCP,192.168.57.129,22,192.168.57.1,55583,166,PA,64,
2026-04-24T16:55:38.081,TCP,192.168.57.1,55583,192.168.57.129,22,60,A,128,
2026-04-24T16:55:38.081,TCP,192.168.57.129,22,192.168.57.1,55583,102,PA,64,
2026-04-24T16:55:38.082,TCP,192.168.57.129,22,192.168.57.1,55583,118,PA,64,
2026-04-24T16:55:38.082,TCP,192.168.57.129,22,192.168.57.1,55583,102,PA,64,
2026-04-24T16:55:38.082,TCP,192.168.57.1,55583,192.168.57.129,22,60,A,128,
2026-04-24T16:55:38.083,TCP,192.168.57.129,22,192.168.57.1,55583,118,PA,64,
2026-04-24T16:55:38.083,TCP,192.168.57.129,22,192.168.57.1,55583,102,PA,64,
2026-04-24T16:55:38.084,TCP,192.168.57.1,55583,192.168.57.129,22,60,A,128,
2026-04-24T16:55:38.084,TCP,192.168.57.129,22,192.168.57.1,55583,118,PA,64,
2026-04-24T16:55:38.084,TCP,192.168.57.129,22,192.168.57.1,55583,118,PA,64,
2026-04-24T16:55:38.085,TCP,192.168.57.129,22,192.168.57.1,55583,166,PA,64,
2026-04-24T16:55:38.085,TCP,192.168.57.1,55583,192.168.57.129,22,60,A,128,
2026-04-24T16:55:38.085,TCP,192.168.57.1,55583,192.168.57.129,22,150,PA,128,
2026-04-24T16:55:38.085,TCP,192.168.57.129,22,192.168.57.1,55583,166,PA,64,
2026-04-24T16:55:38.086,TCP,192.168.57.129,22,192.168.57.1,55583,166,PA,64,
2026-04-24T16:55:38.086,TCP,192.168.57.129,22,192.168.57.1,55583,102,PA,64,
2026-04-24T16:55:38.086,TCP,192.168.57.129,22,192.168.57.1,55583,118,PA,64,
2026-04-24T16:55:38.087,TCP,192.168.57.129,22,192.168.57.1,55583,166,PA,64,
2026-04-24T16:55:38.087,TCP,192.168.57.1,55583,192.168.57.129,22,60,A,128,
2026-04-24T16:55:38.087,TCP,192.168.57.129,22,192.168.57.1,55583,150,PA,64,
2026-04-24T16:55:38.088,TCP,192.168.57.129,22,192.168.57.1,55583,102,PA,64,
2026-04-24T16:55:38.088,TCP,192.168.57.129,22,192.168.57.1,55583,118,PA,64,
2026-04-24T16:55:38.088,TCP,192.168.57.129,22,192.168.57.1,55583,166,PA,64,
2026-04-24T16:55:38.089,TCP,192.168.57.1,55583,192.168.57.129,22,60,A,128,
2026-04-24T16:55:38.089,TCP,192.168.57.129,22,192.168.57.1,55583,118,PA,64,
2026-04-24T16:55:38.089,TCP,192.168.57.129,22,192.168.57.1,55583,182,PA,64,
2026-04-24T16:55:38.090,TCP,192.168.57.1,55583,192.168.57.129,22,60,A,128,
2026-04-24T16:55:38.090,TCP,192.168.57.129,22,192.168.57.1,55583,118,PA,64,
2026-04-24T16:55:38.090,TCP,192.168.57.129,22,192.168.57.1,55583,102,PA,64,
2026-04-24T16:55:38.091,TCP,192.168.57.129,22,192.168.57.1,55583,118,PA,64,
2026-04-24T16:55:38.091,TCP,192.168.57.1,55583,192.168.57.129,22,60,A,128,
2026-04-24T16:55:38.091,TCP,192.168.57.129,22,192.168.57.1,55583,118,PA,64,
2026-04-24T16:55:38.092,TCP,192.168.57.129,22,192.168.57.1,55583,166,PA,64,
2026-04-24T16:55:38.092,TCP,192.168.57.129,22,192.168.57.1,55583,166,PA,64,
2026-04-24T16:55:38.092,TCP,192.168.57.1,55583,192.168.57.129,22,60,A,128,
2026-04-24T16:55:38.093,TCP,192.168.57.129,22,192.168.57.1,55583,118,PA,64,
2026-04-24T16:55:38.093,TCP,192.168.57.129,22,192.168.57.1,55583,182,PA,64,
2026-04-24T16:55:38.093,TCP,192.168.57.129,22,192.168.57.1,55583,102,PA,64,
2026-04-24T16:55:38.094,TCP,192.168.57.129,22,192.168.57.1,55583,166,PA,64,
2026-04-24T16:55:38.094,TCP,192.168.57.129,22,192.168.57.1,55583,118,PA,64,
2026-04-24T16:55:38.094,TCP,192.168.57.1,55583,192.168.57.129,22,60,A,128,
2026-04-24T16:55:38.095,TCP,192.168.57.129,22,192.168.57.1,55583,102,PA,64,
2026-04-24T16:55:38.095,TCP,192.168.57.129,22,192.168.57.1,55583,102,PA,64,
2026-04-24T16:55:38.095,TCP,192.168.57.129,22,192.168.57.1,55583,166,PA,64,
2026-04-24T16:55:38.096,TCP,192.168.57.129,22,192.168.57.1,55583,102,PA,64,
2026-04-24T16:55:38.096,TCP,192.168.57.129,22,192.168.57.1,55583,150,PA,64,
2026-04-24T16:55:38.097,TCP,192.168.57.129,22,192.168.57.1,55583,166,PA,64,
2026-04-24T16:55:38.097,TCP,192.168.57.1,55583,192.168.57.129,22,60,A,128,
2026-04-24T16:55:38.097,TCP,192.168.57.129,22,192.168.57.1,55583,118,PA,64,
2026-04-24T16:55:38.098,TCP,192.168.57.129,22,192.168.57.1,55583,166,PA,64,
2026-04-24T16:55:38.098,TCP,192.168.57.129,22,192.168.57.1,55583,166,PA,64,
2026-04-24T16:55:38.098,TCP,192.168.57.129,22,192.168.57.1,55583,102,PA,64,
2026-04-24T16:55:38.099,TCP,192.168.57.129,22,192.168.57.1,55583,118,PA,64,
2026-04-24T16:55:38.099,TCP,192.168.57.129,22,192.168.57.1,55583,118,PA,64,
2026-04-24T16:55:38.099,TCP,192.168.57.129,22,192.168.57.1,55583,166,PA,64,
2026-04-24T16:55:38.100,TCP,192.168.57.129,22,192.168.57.1,55583,166,PA,64,
2026-04-24T16:55:38.100,TCP,192.168.57.129,22,192.168.57.1,55583,118,PA,64,
2026-04-24T16:55:38.100,TCP,192.168.57.1,55583,192.168.57.129,22,60,A,128,
2026-04-24T16:55:38.101,TCP,192.168.57.129,22,192.168.57.1,55583,118,PA,64,
2026-04-24T16:55:38.101,TCP,192.168.57.1,55583,192.168.57.129,22,60,A,128,
2026-04-24T16:55:38.101,TCP,192.168.57.129,22,192.168.57.1,55583,102,PA,64,
2026-04-24T16:55:38.102,TCP,192.168.57.129,22,192.168.57.1,55583,166,PA,64,
2026-04-24T16:55:38.102,TCP,192.168.57.129,22,192.168.57.1,55583,118,PA,64,
2026-04-24T16:55:38.102,TCP,192.168.57.129,22,192.168.57.1,55583,166,PA,64,
2026-04-24T16:55:38.103,TCP,192.168.57.1,55583,192.168.57.129,22,60,A,128,
2026-04-24T16:55:38.103,TCP,192.168.57.129,22,192.168.57.1,55583,118,PA,64,
2026-04-24T16:55:38.103,TCP,192.168.57.129,22,192.168.57.1,55583,182,PA,64,
2026-04-24T16:55:38.104,TCP,192.168.57.1,55583,192.168.57.129,22,60,A,128,
2026-04-24T16:55:38.104,TCP,192.168.57.129,22,192.168.57.1,55583,118,PA,64,
2026-04-24T16:55:38.105,TCP,192.168.57.129,22,192.168.57.1,55583,182,PA,64,
2026-04-24T16:55:38.105,TCP,192.168.57.1,55583,192.168.57.129,22,60,A,128,
2026-04-24T16:55:38.105,TCP,192.168.57.129,22,192.168.57.1,55583,118,PA,64,
2026-04-24T16:55:38.106,TCP,192.168.57.129,22,192.168.57.1,55583,166,PA,64,
2026-04-24T16:55:38.106,TCP,192.168.57.1,55583,192.168.57.129,22,60,A,128,
2026-04-24T16:55:38.106,TCP,192.168.57.129,22,192.168.57.1,55583,118,PA,64,
2026-04-24T16:55:38.107,TCP,192.168.57.129,22,192.168.57.1,55583,182,PA,64,
2026-04-24T16:55:38.107,TCP,192.168.57.1,55583,192.168.57.129,22,60,A,128,
2026-04-24T16:55:38.107,TCP,192.168.57.129,22,192.168.57.1,55583,118,PA,64,
2026-04-24T16:55:38.108,TCP,192.168.57.129,22,192.168.57.1,55583,182,PA,64,
2026-04-24T16:55:38.108,TCP,192.168.57.1,55583,192.168.57.129,22,60,A,128,
2026-04-24T16:55:38.108,TCP,192.168.57.129,22,192.168.57.1,55583,118,PA,64,
2026-04-24T16:55:38.109,TCP,192.168.57.129,22,192.168.57.1,55583,166,PA,64,
2026-04-24T16:55:38.109,TCP,192.168.57.1,55583,192.168.57.129,22,60,A,128,
2026-04-24T16:55:38.110,TCP,192.168.57.129,22,192.168.57.1,55583,118,PA,64,
2026-04-24T16:55:38.110,TCP,192.168.57.129,22,192.168.57.1,55583,166,PA,64,
2026-04-24T16:55:38.110,TCP,192.168.57.1,55583,192.168.57.129,22,60,A,128,
2026-04-24T16:55:38.110,TCP,192.168.57.129,22,192.168.57.1,55583,118,PA,64,
2026-04-24T16:55:38.111,TCP,192.168.57.129,22,192.168.57.1,55583,182,PA,64,
2026-04-24T16:55:38.111,TCP,192.168.57.1,55583,192.168.57.129,22,60,A,128,
2026-04-24T16:55:38.112,TCP,192.168.57.129,22,192.168.57.1,55583,118,PA,64,
2026-04-24T16:55:38.112,TCP,192.168.57.129,22,192.168.57.1,55583,166,PA,64,
2026-04-24T16:55:38.112,TCP,192.168.57.129,22,192.168.57.1,55583,102,PA,64,
2026-04-24T16:55:38.113,TCP,192.168.57.1,55583,192.168.57.129,22,60,A,128,
2026-04-24T16:55:38.113,TCP,192.168.57.129,22,192.168.57.1,55583,118,PA,64,
2026-04-24T16:55:38.113,TCP,192.168.57.129,22,192.168.57.1,55583,102,PA,64,
2026-04-24T16:55:38.114,TCP,192.168.57.1,55583,192.168.57.129,22,60,A,128,
2026-04-24T16:55:38.114,TCP,192.168.57.1,55583,192.168.57.129,22,60,A,128,
2026-04-24T16:55:38.114,TCP,192.168.57.129,22,192.168.57.1,55583,166,PA,64,
2026-04-24T16:55:38.115,TCP,192.168.57.1,55583,192.168.57.129,22,60,A,128,
2026-04-24T16:55:38.115,TCP,192.168.57.129,22,192.168.57.1,55583,166,PA,64,
2026-04-24T16:55:38.116,TCP,192.168.57.129,22,192.168.57.1,55583,102,PA,64,
2026-04-24T16:55:38.116,TCP,192.168.57.129,22,192.168.57.1,55583,118,PA,64,
2026-04-24T16:55:38.116,TCP,192.168.57.129,22,192.168.57.1,55583,118,PA,64,
2026-04-24T16:55:38.117,TCP,192.168.57.1,55583,192.168.57.129,22,60,A,128,
2026-04-24T16:55:38.117,TCP,192.168.57.129,22,192.168.57.1,55583,118,PA,64,
2026-04-24T16:55:38.117,TCP,192.168.57.129,22,192.168.57.1,55583,150,PA,64,
2026-04-24T16:55:38.118,TCP,192.168.57.129,22,192.168.57.1,55583,118,PA,64,
2026-04-24T16:55:38.118,TCP,192.168.57.129,22,192.168.57.1,55583,166,PA,64,
2026-04-24T16:55:38.118,TCP,192.168.57.129,22,192.168.57.1,55583,166,PA,64,
2026-04-24T16:55:38.118,TCP,192.168.57.129,22,192.168.57.1,55583,118,PA,64,
2026-04-24T16:55:38.119,TCP,192.168.57.129,22,192.168.57.1,55583,166,PA,64,
2026-04-24T16:55:38.119,TCP,192.168.57.1,55583,192.168.57.129,22,60,A,128,
2026-04-24T16:55:38.119,TCP,192.168.57.129,22,192.168.57.1,55583,166,PA,64,
2026-04-24T16:55:38.120,TCP,192.168.57.1,55583,192.168.57.129,22,60,A,128,
2026-04-24T16:55:38.120,TCP,192.168.57.129,22,192.168.57.1,55583,118,PA,64,
2026-04-24T16:55:38.120,TCP,192.168.57.129,22,192.168.57.1,55583,182,PA,64,
2026-04-24T16:55:38.121,TCP,192.168.57.129,22,192.168.57.1,55583,102,PA,64,
2026-04-24T16:55:38.121,TCP,192.168.57.129,22,192.168.57.1,55583,118,PA,64,
2026-04-24T16:55:38.121,TCP,192.168.57.129,22,192.168.57.1,55583,118,PA,64,
2026-04-24T16:55:38.121,TCP,192.168.57.1,55583,192.168.57.129,22,60,A,128,
2026-04-24T16:55:38.122,TCP,192.168.57.129,22,192.168.57.1,55583,118,PA,64,
2026-04-24T16:55:38.122,TCP,192.168.57.129,22,192.168.57.1,55583,166,PA,64,
2026-04-24T16:55:38.122,TCP,192.168.57.129,22,192.168.57.1,55583,166,PA,64,
2026-04-24T16:55:38.123,TCP,192.168.57.129,22,192.168.57.1,55583,102,PA,64,
2026-04-24T16:55:38.123,TCP,192.168.57.129,22,192.168.57.1,55583,118,PA,64,
2026-04-24T16:55:38.124,TCP,192.168.57.129,22,192.168.57.1,55583,166,PA,64,
2026-04-24T16:55:38.124,TCP,192.168.57.129,22,192.168.57.1,55583,102,PA,64,
2026-04-24T16:55:38.124,TCP,192.168.57.129,22,192.168.57.1,55583,118,PA,64,
2026-04-24T16:55:38.125,TCP,192.168.57.129,22,192.168.57.1,55583,166,PA,64,
2026-04-24T16:55:38.125,TCP,192.168.57.1,55583,192.168.57.129,22,60,A,128,
2026-04-24T16:55:38.125,TCP,192.168.57.129,22,192.168.57.1,55583,118,PA,64,
2026-04-24T16:55:38.126,TCP,192.168.57.1,55583,192.168.57.129,22,60,A,128,
2026-04-24T16:55:38.126,TCP,192.168.57.129,22,192.168.57.1,55583,118,PA,64,
2026-04-24T16:55:38.126,TCP,192.168.57.1,55583,192.168.57.129,22,60,A,128,
2026-04-24T16:55:38.127,TCP,192.168.57.129,22,192.168.57.1,55583,118,PA,64,
2026-04-24T16:55:38.127,TCP,192.168.57.1,55583,192.168.57.129,22,60,A,128,
2026-04-24T16:55:38.127,TCP,192.168.57.129,22,192.168.57.1,55583,118,PA,64,
2026-04-24T16:55:38.128,TCP,192.168.57.129,22,192.168.57.1,55583,182,PA,64,
2026-04-24T16:55:38.128,TCP,192.168.57.1,55583,192.168.57.129,22,60,A,128,
2026-04-24T16:55:38.128,TCP,192.168.57.129,22,192.168.57.1,55583,118,PA,64,
2026-04-24T16:55:38.128,TCP,192.168.57.1,55583,192.168.57.129,22,60,A,128,
2026-04-24T16:55:38.129,TCP,192.168.57.129,22,192.168.57.1,55583,118,PA,64,
2026-04-24T16:55:38.129,TCP,192.168.57.129,22,192.168.57.1,55583,166,PA,64,
2026-04-24T16:55:38.130,TCP,192.168.57.129,22,192.168.57.1,55583,166,PA,64,
2026-04-24T16:55:38.130,TCP,192.168.57.129,22,192.168.57.1,55583,102,PA,64,
2026-04-24T16:55:38.130,TCP,192.168.57.1,55583,192.168.57.129,22,60,A,128,
2026-04-24T16:55:38.130,TCP,192.168.57.129,22,192.168.57.1,55583,118,PA,64,
2026-04-24T16:55:38.131,TCP,192.168.57.129,22,192.168.57.1,55583,166,PA,64,
2026-04-24T16:55:38.131,TCP,192.168.57.1,55583,192.168.57.129,22,60,A,128,
2026-04-24T16:55:38.131,TCP,192.168.57.129,22,192.168.57.1,55583,166,PA,64,
2026-04-24T16:55:38.132,TCP,192.168.57.1,55583,192.168.57.129,22,60,A,128,
2026-04-24T16:55:38.132,TCP,192.168.57.129,22,192.168.57.1,55583,166,PA,64,
2026-04-24T16:55:38.132,TCP,192.168.57.129,22,192.168.57.1,55583,102,PA,64,
2026-04-24T16:55:38.133,TCP,192.168.57.1,55583,192.168.57.129,22,60,A,128,
2026-04-24T16:55:38.133,TCP,192.168.57.129,22,192.168.57.1,55583,118,PA,64,
2026-04-24T16:55:38.134,TCP,192.168.57.1,55583,192.168.57.129,22,60,A,128,
2026-04-24T16:55:38.134,TCP,192.168.57.129,22,192.168.57.1,55583,166,PA,64,
2026-04-24T16:55:38.135,TCP,192.168.57.1,55583,192.168.57.129,22,60,A,128,
2026-04-24T16:55:38.135,TCP,192.168.57.129,22,192.168.57.1,55583,118,PA,64,
2026-04-24T16:55:38.135,TCP,192.168.57.1,55583,192.168.57.129,22,60,A,128,
2026-04-24T16:55:38.136,TCP,192.168.57.129,22,192.168.57.1,55583,118,PA,64,
2026-04-24T16:55:38.136,TCP,192.168.57.129,22,192.168.57.1,55583,150,PA,64,
2026-04-24T16:55:38.137,TCP,192.168.57.129,22,192.168.57.1,55583,102,PA,64,
2026-04-24T16:55:38.137,TCP,192.168.57.129,22,192.168.57.1,55583,118,PA,64,
2026-04-24T16:55:38.138,TCP,192.168.57.129,22,192.168.57.1,55583,118,PA,64,
2026-04-24T16:55:38.138,TCP,192.168.57.1,55583,192.168.57.129,22,60,A,128,
2026-04-24T16:55:38.138,TCP,192.168.57.129,22,192.168.57.1,55583,118,PA,64,
2026-04-24T16:55:38.139,TCP,192.168.57.1,55583,192.168.57.129,22,60,A,128,
2026-04-24T16:55:38.139,TCP,192.168.57.129,22,192.168.57.1,55583,118,PA,64,
2026-04-24T16:55:38.140,TCP,192.168.57.1,55583,192.168.57.129,22,60,A,128,
2026-04-24T16:55:38.140,TCP,192.168.57.129,22,192.168.57.1,55583,118,PA,64,
2026-04-24T16:55:38.140,TCP,192.168.57.1,55583,192.168.57.129,22,60,A,128,
2026-04-24T16:55:38.141,TCP,192.168.57.129,22,192.168.57.1,55583,118,PA,64,
2026-04-24T16:55:38.142,TCP,192.168.57.129,22,192.168.57.1,55583,166,PA,64,
2026-04-24T16:55:38.142,TCP,192.168.57.1,55583,192.168.57.129,22,60,A,128,
2026-04-24T16:55:38.142,TCP,192.168.57.129,22,192.168.57.1,55583,150,PA,64,
2026-04-24T16:55:38.143,TCP,192.168.57.1,55583,192.168.57.129,22,60,A,128,
2026-04-24T16:55:38.144,TCP,192.168.57.129,22,192.168.57.1,55583,166,PA,64,
2026-04-24T16:55:38.144,TCP,192.168.57.1,55583,192.168.57.129,22,60,A,128,
2026-04-24T16:55:38.145,TCP,192.168.57.129,22,192.168.57.1,55583,166,PA,64,
2026-04-24T16:55:38.145,TCP,192.168.57.129,22,192.168.57.1,55583,102,PA,64,
2026-04-24T16:55:38.145,TCP,192.168.57.1,55583,192.168.57.129,22,60,A,128,
2026-04-24T16:55:38.146,TCP,192.168.57.129,22,192.168.57.1,55583,166,PA,64,
2026-04-24T16:55:38.146,TCP,192.168.57.1,55583,192.168.57.129,22,60,A,128,
2026-04-24T16:55:38.147,TCP,192.168.57.129,22,192.168.57.1,55583,118,PA,64,
2026-04-24T16:55:38.147,TCP,192.168.57.1,55583,192.168.57.129,22,60,A,128,
2026-04-24T16:55:38.148,TCP,192.168.57.129,22,192.168.57.1,55583,182,PA,64,
2026-04-24T16:55:38.148,TCP,192.168.57.1,55583,192.168.57.129,22,60,A,128,
2026-04-24T16:55:38.148,TCP,192.168.57.129,22,192.168.57.1,55583,118,PA,64,
2026-04-24T16:55:38.149,TCP,192.168.57.129,22,192.168.57.1,55583,166,PA,64,
2026-04-24T16:55:38.149,TCP,192.168.57.1,55583,192.168.57.129,22,60,A,128,
2026-04-24T16:55:38.150,TCP,192.168.57.129,22,192.168.57.1,55583,118,PA,64,
2026-04-24T16:55:38.150,TCP,192.168.57.1,55583,192.168.57.129,22,60,A,128,
2026-04-24T16:55:38.150,TCP,192.168.57.129,22,192.168.57.1,55583,118,PA,64,
